9.252320244130057825e-01,-1.500500112397312069e+00,2.350298774473398300e-01,0.000000000000000000e+00
1.214444844801731982e+00,1.411198767075997340e-01,3.767832665247210500e-01,0.000000000000000000e+00
5.228449760494804366e-01,-1.563268403980851096e+00,-1.101054884993879490e-02,0.000000000000000000e+00
1.117062976386646644e+00,-2.879492080653875408e-01,7.543312279571989798e-02,0.000000000000000000e+00
1.905709315703098650e+00,-4.815324566720871058e-01,3.928357488499600869e-01,0.000000000000000000e+00
4.899208444094775294e-01,-1.620179714837532314e+00,4.605106762279966848e-01,0.000000000000000000e+00
1.401831044306764085e+00,-1.137589179775935211e+00,1.827648985396752579e-01,0.000000000000000000e+00
1.835250930685678128e+00,-8.314533580147308589e-01,4.561425644253602751e-01,0.000000000000000000e+00
9.859085458118550527e-01,-2.573368988727894879e-01,-8.426348767303437626e-02,0.000000000000000000e+00
3.624553688590932965e-01,-7.049509312316079024e-01,-2.976555353632948098e-03,0.000000000000000000e+00
7.562536578675249643e-01,-1.562956475325877781e+00,1.333238433674408530e-01,0.000000000000000000e+00
9.599541801856155132e-01,-4.711435461430647786e-02,-1.974795024864344217e-01,0.000000000000000000e+00
9.479546942884801153e-01,1.959276722030671936e+00,6.060013910996153719e-02,0.000000000000000000e+00
-9.613107074548137287e-01,-9.534961019312908626e-01,5.494448925921511240e-01,0.000000000000000000e+00
1.592605268282803133e+00,1.203106657448173245e+00,7.502903309769703988e-02,0.000000000000000000e+00
-1.518591447621376878e-01,9.513862608145344790e-01,-1.558291849635295989e-03,0.000000000000000000e+00
2.204278157721377140e-01,-7.648608843692782377e-01,2.942700293870319506e-01,0.000000000000000000e+00
1.352890457443643335e+00,1.418749945829786085e+00,-8.969575563943243957e-02,0.000000000000000000e+00
1.163662502514448249e+00,3.184051215341893865e-02,1.667027133790028870e-01,0.000000000000000000e+00
6.343592210736732628e-01,-4.993118983514492903e-01,7.502064800356644803e-02,0.000000000000000000e+00
1.057227645428883145e+00,-4.249693369311693947e-01,-1.129817381634108386e-01,0.000000000000000000e+00
-9.844248445497303379e-01,-4.867737262011625488e-01,1.315261437064292327e-01,0.000000000000000000e+00
1.961634310950693516e+00,9.266084636611529590e-02,3.314925656509548624e-02,0.000000000000000000e+00
-8.003946811487527846e-01,-1.119575561073540060e+00,-1.496833035281133206e-01,0.000000000000000000e+00
9.232466183578181829e-01,1.953858575962881483e+00,3.503577888742406277e-01,0.000000000000000000e+00
1.198397077183436243e+00,3.771393489396438481e-01,-1.337844078455621144e-01,0.000000000000000000e+00
7.071405699017311308e-01,-5.547906744169425197e-01,4.822138468285144253e-01,0.000000000000000000e+00
-4.227739757332482640e-01,8.942491518935148376e-01,6.158067842862251506e-01,0.000000000000000000e+00
-5.085283165344922640e-01,-1.291893379313955093e+00,3.465591530949239107e-01,0.000000000000000000e+00
1.626330535668024657e+00,1.336829221000540135e+00,-4.911672430648605925e-03,0.000000000000000000e+00
9.296835108923240387e-01,-3.697464257290311584e-01,-1.740293558253922512e-01,0.000000000000000000e+00
1.030016945556382124e+00,-3.733841699984137286e-01,3.486934394928389302e-01,0.000000000000000000e+00
1.075118599306903011e+00,-7.996914475648381204e-02,3.125541635269466489e-01,0.000000000000000000e+00
-1.060848282759429884e+00,4.469127538271351896e-01,1.462955984701002077e-01,0.000000000000000000e+00
-7.600730167715445962e-01,-1.153174571438347007e+00,4.372117319636981136e-02,0.000000000000000000e+00
-8.024627100250543155e-01,7.880219339248619725e-01,2.295847272208977330e-01,0.000000000000000000e+00
3.054552012621417623e-01,-1.732168940062189799e+00,2.349510055716084178e-01,0.000000000000000000e+00
6.635124181758588202e-01,1.004520602056319989e+00,5.250506918646535848e-01,0.000000000000000000e+00
1.422056379872200571e+00,-1.266215691356986861e+00,2.792159839746171102e-01,0.000000000000000000e+00
8.076949013698362378e-01,-1.569881713962927083e+00,-1.616836208223380034e-01,0.000000000000000000e+00
5.027258664327632909e-01,9.590029068065513140e-01,-1.718024652987997225e-01,0.000000000000000000e+00
-4.314415259981339013e-01,-1.506909047116185230e+00,4.365199940206940799e-01,0.000000000000000000e+00
-4.595056004806219452e-02,1.123742269483463563e+00,3.310130230017525044e-01,0.000000000000000000e+00
2.026720079029084687e+00,-5.710208337593950523e-01,2.996898063214792352e-01,0.000000000000000000e+00
1.646634303480900785e+00,1.037348382021598070e+00,5.583928357676626320e-03,0.000000000000000000e+00
7.708563912556559705e-02,-1.612521081298556869e+00,-1.827255868129482597e-01,0.000000000000000000e+00
9.815795173832437825e-01,7.829140087066251974e-01,8.424107622206733481e-02,0.000000000000000000e+00
1.889601943922702532e+00,1.832186328106611695e-01,1.658092315912595982e-01,0.000000000000000000e+00
-1.213260295699344127e+00,-2.428065469781786889e-01,3.061327239749844775e-01,0.000000000000000000e+00
1.252503705460287220e+00,-1.381108534514329245e+00,-4.494648116472577115e-02,0.000000000000000000e+00
-1.045434234384855943e+00,-8.951716654877728274e-01,-6.037409670237492421e-02,0.000000000000000000e+00
9.727531547621570684e-03,1.164402375470014350e+00,2.414604418060672941e-01,0.000000000000000000e+00
5.840881263769509557e-01,-1.469845368011005071e+00,1.557670373928963237e-01,0.000000000000000000e+00
1.986974614118131033e-01,1.068636398110176078e+00,4.438443192764860434e-01,0.000000000000000000e+00
1.648468293443842825e+00,1.128833658692637520e+00,4.040762135459259330e-01,0.000000000000000000e+00
1.132790120539241219e+00,-1.466572177646262576e+00,2.361538526981243891e-02,0.000000000000000000e+00
9.114936013355570132e-01,5.122079390125853227e-01,-1.972479099322832496e-01,0.000000000000000000e+00
1.028717393125770041e+00,-1.947438751177744676e-01,5.808169016988120603e-01,0.000000000000000000e+00
2.744252087861964728e-01,-6.876007097932660406e-01,2.670458408362850200e-01,0.000000000000000000e+00
-1.179831526136646547e+00,-4.674522871865661733e-01,4.846062831762218970e-01,0.000000000000000000e+00
2.160790165542468166e+00,-1.850801789980248413e-01,2.434368486648603724e-01,0.000000000000000000e+00
8.664088223490226115e-01,-5.402969842573720483e-01,3.026332902515336265e-01,0.000000000000000000e+00
1.840574641833639280e+00,-5.178015364991209735e-01,-1.034011906855374363e-01,0.000000000000000000e+00
9.216524414618038064e-01,7.966418056607764697e-01,2.087986019122489711e-01,0.000000000000000000e+00
5.115446489745292258e-01,9.291381547703391197e-01,2.133576274263204731e-01,0.000000000000000000e+00
-1.099678993597497101e+00,-5.760006011760471223e-01,-2.977695143514980103e-03,0.000000000000000000e+00
-1.053603723860862651e+00,-9.448008292442137135e-01,6.297278373242305438e-01,0.000000000000000000e+00
-1.049918156367908084e+00,4.134906423060847325e-01,4.659265775969385626e-01,0.000000000000000000e+00
1.122383082751037708e+00,1.925262690561620804e+00,3.304131870655218073e-01,0.000000000000000000e+00
8.251805392954399965e-01,-1.526973781016205178e+00,8.409153586170958761e-02,0.000000000000000000e+00
1.091567333990997701e+00,4.956010738705903806e-01,5.095181970827489248e-01,0.000000000000000000e+00
8.777210115685366576e-01,8.317772987032086007e-01,3.145406443600593516e-01,0.000000000000000000e+00
-3.529103800100703570e-01,-1.489344877982150983e+00,2.020724776356974672e-02,0.000000000000000000e+00
9.596361682690977002e-01,-3.432288196369730482e-01,-3.130199980395453885e-02,0.000000000000000000e+00
-1.005352850795793618e+00,5.383037677243838193e-01,1.170761904569035394e-01,0.000000000000000000e+00
4.182680893972171021e-01,-7.042848115615978344e-01,2.453741251559291570e-01,0.000000000000000000e+00
9.956947919353034138e-01,-3.503051674176776431e-01,6.166503018302267325e-01,0.000000000000000000e+00
1.572300271467825805e-01,-7.008614255771660195e-01,-1.016364855707121428e-01,0.000000000000000000e+00
-4.291752929673758876e-01,-1.565842776219415589e+00,4.099824401878193747e-02,0.000000000000000000e+00
-5.737899890437903050e-01,9.003983122705582209e-01,3.876301876366743393e-01,0.000000000000000000e+00
9.198182907420521248e-01,6.277672668729925576e-01,2.039493256864020054e-01,0.000000000000000000e+00
7.039087085155524282e-01,8.284041583117361940e-01,2.068088604404272335e-01,0.000000000000000000e+00
-1.101418020091348371e+00,-4.661403101172467145e-01,-9.665580255721062386e-03,0.000000000000000000e+00
-1.319243348624103307e+00,-3.044002741812253943e-01,-1.767835457913184971e-01,0.000000000000000000e+00
1.223750340349573085e+00,1.456401165944700704e+00,-1.915283835299363968e-01,0.000000000000000000e+00
-2.690547395750341186e-01,1.072893423650700395e+00,-4.457205227585303575e-03,0.000000000000000000e+00
8.158624130996940949e-01,-6.080875324239191082e-01,4.483793882263005237e-01,0.000000000000000000e+00
4.553176685991504047e-01,-6.169695790261011670e-01,9.619229790775163380e-02,0.000000000000000000e+00
7.210407900277672200e-01,1.978572711572622378e+00,3.207911515741401765e-01,0.000000000000000000e+00
4.503100742471033979e-01,-6.716658465449064641e-01,3.778578687963352056e-01,0.000000000000000000e+00
2.047517296020802569e+00,-1.139286189442629132e-01,5.041890575747098868e-01,0.000000000000000000e+00
-2.282607313184057407e-01,-1.492574767889974119e+00,3.871161618291076856e-01,0.000000000000000000e+00
2.440714691847227225e-01,-1.694524859413472306e+00,2.292950688117592062e-01,0.000000000000000000e+00
1.175059348187859065e+00,-1.433822722791241455e+00,3.812905437608389292e-01,0.000000000000000000e+00
2.470531206566951021e-01,-8.372459387979328538e-01,1.656419716011159338e-03,0.000000000000000000e+00
2.320789389617654574e-01,1.036137400049557344e+00,4.979619638028001116e-01,0.000000000000000000e+00
1.642221936177808539e+00,-1.065711428048498277e+00,3.244574928669465841e-01,0.000000000000000000e+00
1.018690850452798280e+00,-2.790650123153585183e-01,-1.475719957175063435e-01,0.000000000000000000e+00
2.444475943898831716e-01,-7.112000615536365755e-01,1.257701468265930433e-01,0.000000000000000000e+00
2.304886982178734889e-01,-1.570320444906774249e+00,6.255382116449625940e-02,0.000000000000000000e+00
-1.318393823695179767e-01,-1.606185713383547542e+00,4.933760558483073488e-01,0.000000000000000000e+00
-7.797914852882319448e-01,7.702363695522508324e-01,1.132649038726896151e-02,0.000000000000000000e+00
2.015093545152728094e+00,-4.914651866925797696e-01,3.126691218999444466e-02,0.000000000000000000e+00
1.077074257305571159e+00,4.197055994806798696e-01,1.678294415094383485e-01,0.000000000000000000e+00
1.535435733821741700e+00,1.403760010531127200e+00,-4.930473559701753494e-02,0.000000000000000000e+00
8.958519045991135688e-01,-1.469116733465780200e+00,3.141215738304903304e-01,0.000000000000000000e+00
-9.047517369684303645e-01,6.990113398638877484e-01,-1.288473461469481496e-01,0.000000000000000000e+00
1.146862498365025740e+00,1.279753641487159088e-01,5.822049920405374390e-01,0.000000000000000000e+00
1.453698684391922624e+00,-1.118610031404869920e+00,2.864380275494240458e-01,0.000000000000000000e+00
1.359084991813141574e+00,-1.290185999098767411e+00,3.260617792702034112e-01,0.000000000000000000e+00
2.017322986508197857e+00,1.106775601865113284e-01,4.313269000469535097e-01,0.000000000000000000e+00
7.421966619116153741e-01,-5.391037038531475423e-01,1.963436151669828433e-03,0.000000000000000000e+00
1.888917580467324830e+00,1.158629182868301077e+00,7.022177278639030185e-02,0.000000000000000000e+00
-2.197770434550513352e-01,9.425887892637583310e-01,9.635663680555262012e-02,0.000000000000000000e+00
1.001410245575918623e+00,-3.493232285678618543e-01,5.697043777061050474e-01,0.000000000000000000e+00
-1.292957774850397534e+00,-6.617960125921819314e-02,-1.885005036820137647e-01,0.000000000000000000e+00
8.433490317090204247e-01,-3.842087707478502034e-01,7.782882529075640932e-02,0.000000000000000000e+00
1.140834387677113204e+00,2.881768959278011022e-01,-9.097458147184367405e-02,0.000000000000000000e+00
1.013937601460036531e+00,-1.437180932988432858e+00,3.303853637744045280e-01,0.000000000000000000e+00
1.940337592502830111e+00,3.728238034388889344e-01,3.062836791696612604e-01,0.000000000000000000e+00
1.974137691457145349e+00,4.221331899014448830e-01,-9.796583323172503022e-02,0.000000000000000000e+00
1.237320526751599425e+00,-1.375004194456640239e+00,2.748921758873550392e-01,0.000000000000000000e+00
-7.031778341979455504e-02,1.098298516160016058e+00,2.912816978429593195e-01,0.000000000000000000e+00
-6.619686542682401420e-01,-1.331399119109333062e+00,4.325724023821375663e-01,0.000000000000000000e+00
9.703607808277098234e-01,5.746607616054777434e-01,1.758326149688071993e-02,0.000000000000000000e+00
1.015551906684892369e+00,3.557593036621741200e-01,2.895279559635821620e-01,0.000000000000000000e+00
1.879101030668332006e+00,8.914301299396011347e-01,4.053045618535888739e-01,0.000000000000000000e+00
5.826309629813618551e-01,1.000260870379147793e+00,-1.795132732148647658e-01,0.000000000000000000e+00
-9.413158837070776386e-01,4.484660149488804426e-01,-7.137248858677258667e-02,0.000000000000000000e+00
1.976356117321245831e+00,-1.128795206227346387e-01,3.802107699220576009e-01,0.000000000000000000e+00
-9.066999395514849791e-01,8.477342947871453482e-01,5.183522908047417666e-01,0.000000000000000000e+00
-3.953212634163977279e-01,-1.455577946381880761e+00,1.366197850109904799e-01,0.000000000000000000e+00
-6.134416379119027596e-01,-1.179026142739390659e+00,5.327115155331356711e-01,0.000000000000000000e+00
-1.124108943291753038e+00,-9.663832199643925813e-01,1.298010914319804865e-01,0.000000000000000000e+00
-1.015187421663854117e+00,-4.431805951183274694e-01,2.801858641516090653e-01,0.000000000000000000e+00
2.127068600540167331e+00,2.094826139403916168e-02,1.060576724906268087e-01,0.000000000000000000e+00
1.144643319099000633e+00,1.660346462973864679e+00,3.742348026836552766e-01,0.000000000000000000e+00
3.236947555940637433e-01,-6.189924838933631435e-01,-1.350050584169266710e-01,0.000000000000000000e+00
2.114950287152235209e+00,-6.492550746571021381e-02,-1.364543672940441432e-01,0.000000000000000000e+00
9.204795261259666184e-01,-2.736546735997912871e-01,1.377721771206195100e-01,0.000000000000000000e+00
-1.173159722210552980e+00,4.838377570186385562e-02,4.009154861600792152e-01,0.000000000000000000e+00
2.036759203723363942e+00,3.528230042566188329e-01,1.089265546908311233e-01,0.000000000000000000e+00
1.196791984898359695e+00,2.195425310887992032e-01,1.687585641595812369e-02,0.000000000000000000e+00
2.361194706132364596e-01,-8.578520856567221076e-01,2.234696441961629976e-01,0.000000000000000000e+00
-2.502627495028751925e-01,-1.393210275665088815e+00,3.939916978028026318e-01,0.000000000000000000e+00
1.810899684984740299e+00,-7.762113093864944080e-01,4.980664328224060355e-02,0.000000000000000000e+00
-1.001384782630422743e+00,1.272399675763403459e-01,3.106490325671744657e-01,0.000000000000000000e+00
-8.538683191359695002e-01,-1.139025703530505584e+00,5.447116252802279845e-01,0.000000000000000000e+00
3.648381990802622710e-01,-1.668663600241733880e+00,1.539373169643472039e-01,0.000000000000000000e+00
1.105803314992580777e+00,-2.035794545489607033e-01,3.710754613253335332e-01,0.000000000000000000e+00
5.551081111779267996e-01,-1.599948261404298799e+00,3.977980946436732168e-02,0.000000000000000000e+00
9.729426703371446550e-01,7.803754208870778974e-01,1.558399022645204912e-01,0.000000000000000000e+00
-2.293893892466932760e-01,8.906136265088097081e-01,3.418391151351891644e-01,0.000000000000000000e+00
-9.541905301760822411e-02,9.874633437609353637e-01,1.231568027519709396e-01,0.000000000000000000e+00
-8.757763463229761847e-01,7.778644467412438868e-01,5.699480840072386201e-01,0.000000000000000000e+00
1.786292957360378741e+00,-5.434035712880096458e-01,1.453052022800089826e-01,0.000000000000000000e+00
-7.675827165249162753e-01,9.140380836358751315e-01,-8.340894596730663579e-02,0.000000000000000000e+00
1.165480343628343851e+00,-1.001658478192808399e-01,4.165650778386364994e-01,0.000000000000000000e+00
2.039853716726608424e-01,-1.561152352860262660e+00,-6.203914466774107517e-02,0.000000000000000000e+00
-7.665683249981536385e-02,-1.638574459067770883e+00,4.659307220257433713e-01,0.000000000000000000e+00
1.138587152883296483e+00,-1.150498272429370528e-01,2.090068550661388080e-01,0.000000000000000000e+00
-1.028405030568787959e+00,-9.125197973174876687e-01,-6.366790411715639308e-02,0.000000000000000000e+00
-9.980266589844215552e-01,4.680936201007844799e-01,-1.364542743165704231e-01,0.000000000000000000e+00
-8.466236674774361148e-01,7.121376013898497170e-01,4.274931026390442756e-01,0.000000000000000000e+00
1.500838837924246549e+00,-1.220254434478568850e+00,3.713010846542630361e-02,0.000000000000000000e+00
1.181719695074068044e+00,2.487312938478893065e-01,-1.556925610918822311e-01,0.000000000000000000e+00
6.347597271223883730e-01,-5.877119335628350205e-01,5.583903664710598846e-02,0.000000000000000000e+00
-4.210165541663188904e-01,9.673090122200710406e-01,6.684047245790964986e-01,0.000000000000000000e+00
3.827737600485461300e-01,-7.203079672269843137e-01,1.973102529876038513e-01,0.000000000000000000e+00
-1.116094379604374742e+00,3.809133044349811703e-01,-2.250364194143417151e-02,0.000000000000000000e+00
-1.545376084299775465e-01,1.052583168765222510e+00,-1.913251450706103807e-01,0.000000000000000000e+00
1.695384045469157108e+00,1.142572228966863168e+00,-1.072956656654313612e-01,0.000000000000000000e+00
5.434523655881056126e-01,1.915946378089897761e+00,3.775202670846862230e-01,0.000000000000000000e+00
1.805026747519560049e+00,-9.022613479979839646e-01,3.547329226987527839e-02,0.000000000000000000e+00
-1.267496756240807043e+00,1.537980140000278773e-01,-1.160970816180308951e-01,0.000000000000000000e+00
-8.897841662824459430e-01,5.325398017141413920e-01,3.159240934984144378e-01,0.000000000000000000e+00
8.313918275297040861e-01,1.835095372066105179e+00,2.507335345383274738e-01,0.000000000000000000e+00
-1.098595448463832946e+00,-5.751362902229957552e-02,4.654106014642060973e-01,0.000000000000000000e+00
1.689363648084460268e+00,-8.271588719446785198e-01,-9.998077520901493820e-02,0.000000000000000000e+00
1.629778376008472085e+00,-8.526317668671575811e-01,-1.799215007342127581e-01,0.000000000000000000e+00
-4.780764032075394132e-01,9.861928816066917181e-01,3.403891236409406496e-01,0.000000000000000000e+00
2.252404332354731586e-01,1.113233905661310530e+00,4.833068510789750860e-02,0.000000000000000000e+00
1.868024731721617426e+00,8.765702122430868437e-01,9.884928746759058527e-02,0.000000000000000000e+00
-9.561912182416987260e-01,7.162367065879740036e-01,4.137916951503755048e-01,0.000000000000000000e+00
2.121437666286217549e+00,7.516930881666190611e-01,-1.520721057095284490e-01,0.000000000000000000e+00
7.697949212303230038e-01,-6.799529033080101703e-01,6.776527538443524179e-01,0.000000000000000000e+00
1.917373447725295499e+00,6.220851862951658484e-01,3.881399786268810992e-01,0.000000000000000000e+00
1.935731980124970386e+00,-2.866413502296904503e-01,3.402484394943301460e-01,0.000000000000000000e+00
-9.642163054825958479e-01,-6.759765039368156314e-01,4.490482944403098031e-01,0.000000000000000000e+00
5.909835939306113950e-01,1.946733459398370725e+00,-1.606905413310257824e-01,0.000000000000000000e+00
2.694642650348259005e-01,9.722513733809763359e-01,-1.275654054211545763e-01,0.000000000000000000e+00
1.660501338598020071e+00,-9.429294194016983877e-01,5.630891308890759728e-01,0.000000000000000000e+00
-1.097257750866763359e+00,4.143971374803847585e-01,4.989060142458852098e-01,0.000000000000000000e+00
5.400672608502756766e-01,-5.807972453175758165e-01,3.104484503427464848e-01,0.000000000000000000e+00
1.630973003567119273e+00,-1.071839450273713634e+00,2.240140827908465582e-03,0.000000000000000000e+00
-1.126833090460069853e+00,-4.749596776005489684e-01,-1.601420539504552210e-01,0.000000000000000000e+00
1.920809803571142726e+00,6.729397371998711019e-01,2.013394816867386528e-01,0.000000000000000000e+00
2.206234301182830038e+00,-2.402548566089059423e-01,4.848573750962288376e-01,0.000000000000000000e+00
1.083413024256550727e+00,1.834686327846012377e+00,4.436640769531141615e-01,0.000000000000000000e+00
1.107922491976446100e+00,6.492016004285533493e-01,1.217249920990370882e-02,0.000000000000000000e+00
6.715518141187188927e-01,-6.369572625357546869e-01,-1.047528166262745586e-01,0.000000000000000000e+00
-1.146868693833451802e+00,2.927873165159843305e-01,5.131062653150453290e-01,0.000000000000000000e+00
1.718092213123788126e+00,-7.366009225975183039e-01,3.232471861677281844e-01,0.000000000000000000e+00
6.489193655393949989e-01,-6.264050095474615887e-01,2.927377181536439110e-01,0.000000000000000000e+00
-1.335633484397195758e+00,2.180419123792399771e-01,1.305570088690128916e-01,0.000000000000000000e+00
1.852100967200883463e+00,9.998023182645472406e-01,-1.716106871228280095e-01,0.000000000000000000e+00
-6.850110720398703279e-01,-1.173392599282667925e+00,1.073456515876187733e-01,0.000000000000000000e+00
9.358327214150646833e-01,5.342780503136205228e-01,8.438541907935892539e-02,0.000000000000000000e+00
2.104355774486018849e+00,2.724418808222184851e-01,3.450008440927303521e-01,0.000000000000000000e+00
-7.735377037612529705e-01,8.684555047234892022e-01,4.368408861067263338e-02,0.000000000000000000e+00
-1.129398700222660645e+00,5.894426136393419308e-02,2.162477192169558471e-01,0.000000000000000000e+00
-7.054399693248822878e-01,-1.170986502969378229e+00,2.647304932419598522e-01,0.000000000000000000e+00
9.941902041502779230e-01,-4.046872233145737408e-01,5.470743640129325236e-01,0.000000000000000000e+00
1.188331678474153552e+00,3.777043298053154308e-01,2.986169939299521126e-02,0.000000000000000000e+00
-7.405579905209844771e-01,-1.284803941484140788e+00,3.855627734310793642e-01,0.000000000000000000e+00
-7.050861951091562663e-01,-1.191268081670381340e+00,2.424412456071456390e-02,0.000000000000000000e+00
1.081588825090765038e+00,1.632194702352792737e+00,3.437997045623018000e-01,0.000000000000000000e+00
1.999249843632491808e-01,-6.543892316086780125e-01,3.949429749744557405e-01,0.000000000000000000e+00
2.035784462989534305e+00,2.927639374083834678e-01,-1.837225629425049966e-01,0.000000000000000000e+00
1.946160934081424543e+00,7.728156300489521513e-01,-7.514054005508752354e-03,0.000000000000000000e+00
-9.355202205917161340e-01,7.035616574591472272e-01,2.069129177607238468e-01,0.000000000000000000e+00
3.983005275040669702e-01,-6.833472922157466378e-01,5.505613503763908678e-01,0.000000000000000000e+00
1.808636509961800920e+00,-7.179938267778385175e-01,5.510023966720039024e-01,0.000000000000000000e+00
3.819723264509606309e-01,2.003605873342355181e+00,4.841043845716717087e-01,0.000000000000000000e+00
-1.307532887030957491e+00,-2.800070286763114424e-01,6.057657925622930151e-01,0.000000000000000000e+00
7.265458030711064996e-01,8.789461100297191187e-01,-8.368934766762392563e-02,0.000000000000000000e+00
4.203759953471808419e-01,1.070027878190277448e+00,4.191691377341826286e-01,0.000000000000000000e+00
7.853683156854551761e-01,1.924183972665306497e+00,4.367119104293926135e-02,0.000000000000000000e+00
1.393007378475475733e+00,-1.163839362484361706e+00,1.542562590820413249e-01,0.000000000000000000e+00
1.967003198761606120e+00,-4.886215478689767688e-01,4.537745605486191991e-01,0.000000000000000000e+00
7.568680775672245176e-01,-6.519031299223161380e-01,1.462073353191990499e-01,0.000000000000000000e+00
3.323364837154375029e-01,-1.623542513746041083e+00,6.019810811328807354e-02,0.000000000000000000e+00
9.807193599347575619e-01,5.041585525508297527e-01,-1.158509551190516351e-01,0.000000000000000000e+00
4.695741704920684545e-01,1.058531174401339703e+00,4.201029248493819424e-01,0.000000000000000000e+00
1.257971739607977701e+00,2.020609571869235455e-01,-1.639583870783072328e-01,0.000000000000000000e+00
-1.303194536343742493e+00,9.412234815766523655e-02,3.898663251768892390e-01,0.000000000000000000e+00
9.544224135886703042e-01,-4.548101239350236802e-01,7.586235700187149433e-02,0.000000000000000000e+00
5.367287754514573628e-01,9.814168374050669108e-01,-1.687758690105383153e-01,0.000000000000000000e+00
2.000789118768054209e+00,7.948383600761330658e-01,4.318259131120441019e-01,0.000000000000000000e+00
8.374291891821122880e-02,-1.593799237210597797e+00,-2.802676252340519092e-02,0.000000000000000000e+00
1.148630027990647617e+00,-2.926492929579975200e-01,2.159759329740567058e-01,0.000000000000000000e+00
2.062627947380759608e+00,2.245380118056785335e-01,1.434768242181061471e-01,0.000000000000000000e+00
3.180454140799031659e-01,1.937283141408064457e+00,2.249833421756943785e-01,0.000000000000000000e+00
1.033669116211233696e+00,-4.454959989449316371e-01,4.151530258050346589e-01,0.000000000000000000e+00
-6.114333456791005705e-01,8.624920081116911330e-01,-1.027590877588349105e-01,0.000000000000000000e+00
-6.779801220277135165e-01,8.749622726602759304e-01,1.513316733629541666e-01,0.000000000000000000e+00
1.661679014808838506e+00,1.138234628459772857e+00,4.021316904214775612e-01,0.000000000000000000e+00
6.659806628020709107e-01,-1.577477528230071924e+00,1.801775789378265991e-01,0.000000000000000000e+00
-1.070632170528717619e+00,2.769919143345127566e-01,2.700631867850291634e-01,0.000000000000000000e+00
-2.645011533402715775e-01,1.004406841087666313e+00,3.399755923398959379e-01,0.000000000000000000e+00
1.188406243887516256e+00,-1.484237066522933635e+00,4.719514907027599904e-02,0.000000000000000000e+00
1.175617971257907346e+00,2.275012708962978192e-01,3.834844632093024064e-01,0.000000000000000000e+00
9.668984386189247715e-01,-2.481619956135648064e-01,3.089060750457714999e-01,0.000000000000000000e+00
9.918571926843993136e-01,8.004340157655184251e-01,5.487534377287384135e-01,0.000000000000000000e+00
-2.777643895683220565e-01,-1.454699530734844259e+00,-9.144433391030259983e-02,0.000000000000000000e+00
7.790090399685897227e-01,6.344401607666192433e-01,1.757317719182203142e-01,0.000000000000000000e+00
-4.418672406543203701e-01,9.575861479722270753e-01,-7.999990709528237431e-02,0.000000000000000000e+00
6.619401451804642900e-01,9.765575923148550608e-01,3.915809156198861718e-01,0.000000000000000000e+00
2.840949541302648096e-01,-1.526581807105100275e+00,2.616098073301162952e-01,0.000000000000000000e+00
2.579014809124515750e-01,-8.578365840875169512e-01,2.002460231584013428e-03,0.000000000000000000e+00
3.671763339776604740e-01,-1.693776780436533791e+00,1.179605332029933784e-01,0.000000000000000000e+00
4.815738823802220847e-01,1.771503359892666607e+00,-1.178057763003965697e-01,0.000000000000000000e+00
1.045034235360837060e+00,1.674434211697030328e+00,4.907472863251249873e-01,0.000000000000000000e+00
1.716893803748106961e+00,-7.061742523428671259e-01,-4.333201536955466615e-02,0.000000000000000000e+00
9.188586475184595814e-01,8.329796388915302607e-01,4.460813166647048522e-01,0.000000000000000000e+00
1.078401591834762030e+00,5.913199442866012845e-01,-6.300334781616578894e-02,0.000000000000000000e+00
5.252185071823145535e-02,-1.596046915155626467e+00,5.529839811576280351e-01,0.000000000000000000e+00
1.136438467296348342e+00,4.228140528513000262e-01,-1.630021740352756154e-01,0.000000000000000000e+00
-1.238662592427758335e+00,-1.503033513277238220e-01,6.258693414433345037e-01,0.000000000000000000e+00
-1.156562060594853669e+00,-4.874584670923771679e-01,-1.681207728566758153e-01,0.000000000000000000e+00
-9.751528191250833366e-01,-7.614844536516690576e-01,3.458483504831999511e-02,0.000000000000000000e+00
-4.780963656219935354e-01,-1.334069235091758898e+00,4.452764502811688008e-01,0.000000000000000000e+00
5.116451908649228830e-01,1.971704818238892543e+00,4.938348124711406939e-01,0.000000000000000000e+00
-9.581616755695179233e-01,5.833515406449407692e-01,3.693387764055078293e-02,0.000000000000000000e+00
5.221951989497833901e-01,-7.995012572158329833e-01,6.339511800400310371e-02,0.000000000000000000e+00
1.574023840118497386e+00,-1.164764178289042107e+00,2.630624354022170763e-03,0.000000000000000000e+00
-1.156156789387672079e+00,-2.159103359978230829e-01,-1.527908029273783441e-01,0.000000000000000000e+00
-1.227892467551838784e+00,-4.660905757887657819e-01,2.285195007976119630e-01,0.000000000000000000e+00
1.537664863404705207e+00,1.326776553125189828e+00,4.269568302001136573e-02,0.000000000000000000e+00
1.631821091100844390e+00,-1.020403058076102543e+00,-1.348210515457144432e-01,0.000000000000000000e+00
1.741538127919106893e+00,9.374652137553004527e-01,-1.092636443408689928e-01,0.000000000000000000e+00
9.325771159606390803e-01,-4.918587630231933128e-01,-5.819572862272615055e-02,0.000000000000000000e+00
2.128938596862119059e+00,1.389106472478970622e-01,1.150295495864428474e-02,0.000000000000000000e+00
4.078197279625008775e-01,-1.765016418193301906e+00,9.947537243446835653e-02,0.000000000000000000e+00
4.844937363965108879e-01,-5.972784096717532742e-01,4.598298704232679501e-01,0.000000000000000000e+00
1.901568030088274464e+00,-6.363729823808665920e-01,-1.223538160446306922e-01,0.000000000000000000e+00
4.590691570548873779e-01,9.333255527882167168e-01,2.055735436671970451e-01,0.000000000000000000e+00
1.433755363591391552e+00,1.429923802946414080e+00,2.502728891866925487e-01,0.000000000000000000e+00
6.708866658823802176e-01,1.985895890159539157e+00,-4.501281972173254431e-03,0.000000000000000000e+00
-1.195213096438095590e+00,-4.334305777633662982e-01,2.111027217031689052e-01,0.000000000000000000e+00
9.426693287423455470e-01,-1.530751789008400587e+00,-1.974233008805639233e-01,0.000000000000000000e+00
-1.216030773119781694e+00,-4.624305233212402388e-01,6.715244630502850143e-01,0.000000000000000000e+00
-6.652562579026402023e-01,9.616997198163159677e-01,-1.785252040384177619e-01,0.000000000000000000e+00
1.320288600847205229e+00,1.599007909205051980e+00,7.382548647808695463e-02,0.000000000000000000e+00
1.983308237354392656e+00,4.696742647922302338e-01,2.440427921544932044e-01,0.000000000000000000e+00
-3.044836143766662673e-01,-1.667703512812369837e+00,1.156218951982532772e-01,0.000000000000000000e+00
7.580607207970411210e-01,1.889848666531952270e+00,1.177806094557547478e-01,0.000000000000000000e+00
1.009600568988130886e+00,2.654203999617038012e-01,-5.587122431779856235e-02,0.000000000000000000e+00
-9.685090434608571996e-01,-9.347570189564929910e-01,1.356298105876230231e-02,0.000000000000000000e+00
1.102410498287396567e+00,8.292509422845892875e-01,-1.903844811247221713e-01,0.000000000000000000e+00
-1.198330280346807220e+00,1.450253513532838989e-01,2.817263080209300163e-01,0.000000000000000000e+00
7.516272164930735133e-01,9.131651754057464876e-01,5.607317165682657034e-02,0.000000000000000000e+00
-3.167432143300904501e-01,-1.393557335953504950e+00,5.062614610310438579e-01,0.000000000000000000e+00
7.783416485486149838e-01,8.216039161640412702e-01,7.218440091182043439e-02,0.000000000000000000e+00
-3.661103948395315610e-01,1.102136199921419646e+00,1.489829715988100212e-02,0.000000000000000000e+00
1.935577222789810703e+00,-4.472524498402496995e-01,9.027448026932249903e-02,0.000000000000000000e+00
5.768636732733649630e-01,9.944475370740981646e-01,-1.306854160415342747e-01,0.000000000000000000e+00
-8.946232994749543366e-01,6.235622820213846396e-01,-7.128961994243376843e-02,0.000000000000000000e+00
-6.091798618232735496e-02,-1.581728619118067058e+00,2.957302855359826843e-01,0.000000000000000000e+00
1.116811944705520032e+00,-2.756470356513426312e-01,2.356468424551796392e-01,0.000000000000000000e+00
1.866346986587194445e+00,-5.443936381460421359e-01,5.082276227352795495e-01,0.000000000000000000e+00
1.361446767484294273e+00,1.611771948559567846e+00,-1.679001257783756529e-01,0.000000000000000000e+00
1.146338025948985040e+00,-2.145590083888072874e-01,3.943586565007084488e-01,0.000000000000000000e+00
-1.162549919576896240e+00,-7.061390723041269801e-01,4.891251183339078157e-01,0.000000000000000000e+00
8.085236019364292481e-01,-6.251494080691429867e-01,5.182232106407205219e-01,0.000000000000000000e+00
9.478635531848430551e-01,-3.958433849657889692e-01,3.767004964938527323e-01,0.000000000000000000e+00
2.191222126708912921e+00,2.878500590233843970e-01,1.048542802555141318e-01,0.000000000000000000e+00
1.583269202819451715e-01,1.129284163658618834e+00,-1.480263815366238411e-01,0.000000000000000000e+00
1.943970863409848260e+00,-6.173254443589822893e-01,2.487930691701134567e-01,0.000000000000000000e+00
-1.133177226346178124e+00,-3.789170182429265066e-01,-8.453226026750360056e-02,0.000000000000000000e+00
6.992531098098637710e-01,9.463879726951286431e-01,-1.800560690383357088e-01,0.000000000000000000e+00
8.133838360941425538e-01,-6.919512454278150537e-01,5.503536782462683519e-01,0.000000000000000000e+00
7.449628569435380321e-01,-6.733478856261688739e-01,1.767135971488897894e-02,0.000000000000000000e+00
-2.287648146085118350e-01,9.862297663485407595e-01,-2.352994775145966777e-02,0.000000000000000000e+00
1.100746758483107435e+00,1.533332921861721154e-01,1.528237648512957847e-01,0.000000000000000000e+00
8.559041260515363181e-01,1.807567553819489969e+00,-1.278226322888527111e-01,0.000000000000000000e+00
1.138498307811201649e+00,-1.511929246557093487e+00,4.991869069859018460e-01,0.000000000000000000e+00
-6.621215963172053520e-01,-1.393327853835229391e+00,-1.494884307303314674e-01,0.000000000000000000e+00
-8.087523718447433563e-01,-1.181175549224606103e+00,-5.205302414109502784e-02,0.000000000000000000e+00
1.658658958251854498e+00,-1.103770466052261146e+00,4.645279642269524167e-01,0.000000000000000000e+00
1.838152273121256730e+00,7.985647302409096815e-01,-1.878960226438184389e-01,0.000000000000000000e+00
6.306663416002384892e-01,2.001481052939443561e+00,8.726809152442061013e-02,0.000000000000000000e+00
4.990436547645182852e-01,1.051186812279435445e+00,5.185746381295235352e-01,0.000000000000000000e+00
-6.665454582824292817e-01,1.021004811262202550e+00,1.322465537186343632e-01,0.000000000000000000e+00
1.703751071486414803e+00,1.088106379463300799e+00,1.277528706441199979e-02,0.000000000000000000e+00
1.046374304417849288e+00,-7.055357287936181443e-02,3.812178556420213749e-01,0.000000000000000000e+00
-1.251611542689538892e+00,-1.750492519309218564e-01,2.824489783025496692e-02,0.000000000000000000e+00
1.819867490110231190e+00,-7.418871944861429313e-01,2.480409112606762889e-02,0.000000000000000000e+00
1.615261947565304279e+00,9.986485845206570788e-01,5.982959309438282691e-01,0.000000000000000000e+00
-1.314834634105999545e+00,2.459284298111137912e-01,-4.465095678899877463e-02,0.000000000000000000e+00
8.110229612533144117e-01,-7.162238122768371795e-01,-7.811647647842900888e-02,0.000000000000000000e+00
-2.421540409071021305e-02,-1.556785427830562396e+00,4.933467353536165056e-01,0.000000000000000000e+00
9.408229097423781440e-01,-1.568023553372108303e+00,2.623026048438881208e-01,0.000000000000000000e+00
-6.011044705622725637e-02,1.115123116014308025e+00,-1.372569619734296253e-01,0.000000000000000000e+00
-5.337927308579872854e-01,-1.262408554155013407e+00,3.221048959476666695e-01,0.000000000000000000e+00
5.252406703821761447e-01,-7.639829160224779203e-01,4.094558875228688777e-01,0.000000000000000000e+00
1.885847781803072110e+00,-5.980206627473217962e-01,6.882132853718969656e-02,0.000000000000000000e+00
-9.641808535077482922e-01,3.515227784370103525e-01,2.585888722334417356e-01,0.000000000000000000e+00
-5.194756085561198500e-01,-1.353464665925131927e+00,3.295428616715099235e-01,0.000000000000000000e+00
-1.023578010264669436e+00,-8.345724128731913938e-01,4.597952027607328240e-01,0.000000000000000000e+00
9.795461668573886005e-01,7.160156106557585831e-01,3.791732731288899316e-02,0.000000000000000000e+00
3.830786226303064534e-01,-6.992617776927327888e-01,4.790073372949610331e-02,0.000000000000000000e+00
-3.119297557347825434e-01,9.071241043827870110e-01,2.467701889073536936e-01,0.000000000000000000e+00
1.129160051882903026e+00,4.044231822707189394e-01,-1.337621571242542107e-01,0.000000000000000000e+00
1.907453239740953377e+00,-4.687500844132366229e-01,3.830554031566908435e-01,0.000000000000000000e+00
1.712878684660210649e+00,1.274649731369048800e+00,5.906278289282367311e-01,0.000000000000000000e+00
-1.745367800037034289e-02,1.031109779743165200e+00,3.441983658329548224e-01,0.000000000000000000e+00
-1.187975419732623994e+00,4.328360197876336968e-01,3.288396259285712997e-01,0.000000000000000000e+00
1.270214947124855609e+00,-1.362713951113148081e+00,1.346627512108073965e-01,0.000000000000000000e+00
-3.594796882788359182e-01,-1.501493754449161999e+00,4.515338230264396291e-01,0.000000000000000000e+00
8.341600715031012303e-01,-4.398314127016602071e-01,1.916379133477230656e-01,0.000000000000000000e+00
-1.023522584098566446e+00,6.505179837747414595e-01,5.299933432823125123e-01,0.000000000000000000e+00
-1.108847190046758246e+00,1.575294700076165511e-01,7.016965247292761276e-02,0.000000000000000000e+00
-1.001360356261228324e+00,1.913150391289457630e-01,-1.553489863989843123e-02,0.000000000000000000e+00
1.965433864137167141e+00,-3.795900963187920363e-01,9.582296101529208521e-02,0.000000000000000000e+00
1.553953228653152552e+00,1.106763905616145793e+00,1.596883443173771067e-01,0.000000000000000000e+00
1.700966417331152725e+00,-9.738032642803531314e-01,1.594912974530156013e-01,0.000000000000000000e+00
-8.431959649132583223e-01,8.183528062366207667e-01,5.326503769197876714e-02,0.000000000000000000e+00
8.576800995764020108e-01,7.181502736225515715e-01,3.684259910116274295e-01,0.000000000000000000e+00
1.943967846373415131e+00,-4.902162114559932005e-01,1.728676798351203026e-01,0.000000000000000000e+00
1.772428551928859841e+00,1.075634828514136165e+00,-1.960736960090603276e-01,0.000000000000000000e+00
-1.057755429764543509e+00,4.930882922877443120e-01,-7.910720276351979052e-03,0.000000000000000000e+00
-1.273898760288990628e-01,1.021235490508545452e+00,7.117133343946058233e-02,0.000000000000000000e+00
-1.050984715511724010e+00,-1.115796285032755408e+00,4.275381847447026207e-01,0.000000000000000000e+00
1.669065380094698403e+00,-9.499020210234386807e-01,1.193165552393198325e-01,0.000000000000000000e+00
1.760704983434130622e+00,1.309129437709645405e+00,9.892510993534409103e-02,0.000000000000000000e+00
-3.556633567162760245e-01,-1.431723493567924610e+00,5.251687395036657158e-01,0.000000000000000000e+00
9.430341468151559603e-01,7.168762415933963572e-01,4.219405456550715527e-01,0.000000000000000000e+00
8.944448161876519254e-01,-6.002515867474051969e-01,2.870105356636420968e-01,0.000000000000000000e+00
4.350889956311848605e-02,-1.594542006790544253e+00,1.386366176715272402e-01,0.000000000000000000e+00
2.049158155986293472e+00,-4.370170088909142714e-01,2.514690577433902341e-01,0.000000000000000000e+00
-1.008619658021108423e+00,6.414993777395447960e-01,3.789311659168799196e-01,0.000000000000000000e+00
1.255882655638411283e+00,2.154477706468824194e-01,2.404377498814400660e-01,0.000000000000000000e+00
1.029579600659514593e+00,-3.289115035092621264e-01,-1.564899628121230180e-03,0.000000000000000000e+00
-5.279281823539203611e-01,-1.342948455030989585e+00,1.514994623178471667e-01,0.000000000000000000e+00
6.103260801354826182e-01,1.993533593809132309e+00,5.880048516685849602e-01,0.000000000000000000e+00
-1.216304587567627937e+00,2.011170117659538958e-01,1.308277073397798862e-01,0.000000000000000000e+00
4.672216547003038567e-02,-1.579728716473405292e+00,2.149016773408138903e-01,0.000000000000000000e+00
1.057409346140547601e+00,1.676580228594056754e-01,2.209578190835785882e-01,0.000000000000000000e+00
-6.374900467271995552e-01,-1.267424832462704432e+00,-2.930084032320623422e-02,0.000000000000000000e+00
6.088347494142396510e-01,1.986214274442606120e+00,1.385905172679373631e-01,0.000000000000000000e+00
1.302475609018839187e+00,1.671679614726108820e+00,-9.920698432908103825e-05,0.000000000000000000e+00
7.135679482311230171e-01,1.928451587920963828e+00,-7.563493850824642983e-02,0.000000000000000000e+00
9.857642870296822180e-01,-4.844768018530913878e-01,-1.102961965082236429e-01,0.000000000000000000e+00
-3.414097126331007148e-01,9.864459173947004444e-01,-9.563141812247999418e-02,0.000000000000000000e+00
1.696933189954096033e+00,1.275728065017392332e+00,3.336736403457980504e-01,0.000000000000000000e+00
1.077159713193446500e+00,8.745054888294226739e-03,5.073351807562531679e-01,0.000000000000000000e+00
-7.437777418380835392e-01,-1.194219419004785898e+00,4.684756335461948140e-02,0.000000000000000000e+00
1.141257593804419379e+00,-3.372788946730609916e-01,7.562914733171233195e-02,0.000000000000000000e+00
1.882668933490450724e+00,1.068715174685584968e+00,2.299805567297517062e-01,0.000000000000000000e+00
2.028623365211995377e+00,-4.684684411846031238e-01,3.871170860871695485e-01,0.000000000000000000e+00
1.961597204072289991e+00,-6.019586302810643330e-01,-1.198945437361125244e-01,0.000000000000000000e+00
-6.313188747724607364e-02,1.037606502116238616e+00,-2.834806829715574850e-02,0.000000000000000000e+00
5.593960528057271286e-01,-7.391552983743011618e-01,4.719595526424225085e-02,0.000000000000000000e+00
1.566373561143140636e-01,-1.675857061684991267e+00,3.950280041284217614e-01,0.000000000000000000e+00
1.030562951160819196e+00,-3.098375572477851669e-01,-1.420274078415526553e-01,0.000000000000000000e+00
1.871597711088838656e+00,-4.837516586514087336e-01,2.643387419258873550e-01,0.000000000000000000e+00
-1.101863983785351886e+00,2.782854948269697926e-01,3.086912456254180537e-01,0.000000000000000000e+00
2.070747059999085593e+00,7.127480692139794016e-02,5.119837454089104511e-01,0.000000000000000000e+00
1.014008242618922306e+00,-3.031187667506778372e-01,-5.934952341397048414e-02,0.000000000000000000e+00
-1.171998594714248387e+00,-1.716268879729765939e-01,3.018714694956483591e-01,0.000000000000000000e+00
1.750381758419069955e+00,-9.484492691082397897e-01,1.674773036402399384e-01,0.000000000000000000e+00
-1.055163533407222243e+00,5.840885443360227525e-01,1.045421029221234033e-01,0.000000000000000000e+00
1.994560762893579753e+00,-6.083449835047960441e-01,5.181325533749507883e-01,0.000000000000000000e+00
4.731142935574562114e-01,-1.029319816747657823e+00,1.079064295584712729e+00,1.000000000000000000e+00
-1.478547775735937320e+00,-7.777943339276425228e-01,1.031268714013617638e+00,1.000000000000000000e+00
-1.453554955999513190e-02,8.002724020494887958e-01,1.586361414918533885e+00,1.000000000000000000e+00
2.256517587084622967e-01,1.697198930762527036e+00,1.072588817020938112e+00,1.000000000000000000e+00
-5.576034431342974385e-01,-2.235337982006620205e-01,1.324525225434086462e+00,1.000000000000000000e+00
-1.475813462741736970e+00,-7.685684790651959863e-01,1.294968345239811969e+00,1.000000000000000000e+00
2.435592904690930816e-01,7.552286085548717276e-01,1.636894871332384760e+00,1.000000000000000000e+00
-3.755962196432647282e-01,4.743586278845463577e-01,1.448877568942732008e+00,1.000000000000000000e+00
1.611901641301680010e+00,-6.084884620573430825e-01,1.193379583830328050e+00,1.000000000000000000e+00
-1.000638795600350406e-01,6.678517633026965772e-01,1.030394866409539478e+00,1.000000000000000000e+00
-2.018463216149706529e-01,1.407649157091486414e+00,1.142585457433898499e+00,1.000000000000000000e+00
-3.702916359857009732e-01,5.524449494625557344e-01,1.675745208099071348e+00,1.000000000000000000e+00
1.129089190147165134e+00,-7.437835953838417558e-01,1.241361636758664844e+00,1.000000000000000000e+00
1.208362149693452237e+00,-8.920088196751225773e-01,1.432495374809666044e+00,1.000000000000000000e+00
1.758341837366268479e+00,5.116333495630184247e-01,1.550496658088603041e+00,1.000000000000000000e+00
1.644257298881993012e+00,1.830259597212208766e-01,1.057364852498241969e+00,1.000000000000000000e+00
1.427651890199164164e+00,1.034267206811199769e+00,1.176397900999756718e+00,1.000000000000000000e+00
1.087602757719457802e+00,-8.404594948336724380e-01,1.482005409268467355e+00,1.000000000000000000e+00
-9.396858966147687564e-01,-1.482576020753244350e+00,1.288979982098812371e+00,1.000000000000000000e+00
-8.291138199971915812e-01,1.304020278736108152e+00,1.037669132266005434e+00,1.000000000000000000e+00
-5.772468770325089871e-01,-1.706139424978947439e+00,1.081263502620243511e+00,1.000000000000000000e+00
1.073475830282431875e+00,-8.317563121645185076e-01,1.336039679722734297e+00,1.000000000000000000e+00
-5.687594119212510124e-01,2.758457599683126205e-01,1.478704027945411337e+00,1.000000000000000000e+00
-1.119425106517667245e+00,-1.373618381855776338e+00,1.055221969827926376e+00,1.000000000000000000e+00
1.344439430103820943e-01,6.512167327865954203e-01,1.163476363263844071e+00,1.000000000000000000e+00
1.590781752295931994e+00,1.011410148746000104e+00,1.760021433518071277e+00,1.000000000000000000e+00
-1.583492430690610853e+00,4.361990909572692199e-01,1.327259051090968978e+00,1.000000000000000000e+00
-4.519168210738772617e-01,-5.612503203862018175e-01,1.664521315390723011e+00,1.000000000000000000e+00
3.357948968076802654e-01,6.604542181053045802e-01,1.233906294550092486e+00,1.000000000000000000e+00
-7.286869913192787207e-01,-2.635010231026959082e-01,1.603620677482623380e+00,1.000000000000000000e+00
-4.852262830823181883e-01,-5.857997760501710838e-01,1.220173301030360369e+00,1.000000000000000000e+00
1.614454329713180813e+00,9.411270673568020162e-02,1.434818030731509042e+00,1.000000000000000000e+00
-6.097276902724994008e-01,8.499734810047999967e-02,1.243277260013979868e+00,1.000000000000000000e+00
2.464359831026233794e-01,7.068617454018889523e-01,1.033388110608084443e+00,1.000000000000000000e+00
1.310427595875886420e+00,9.914232559027231773e-01,1.447034016198883499e+00,1.000000000000000000e+00
6.873714045720722421e-01,-9.701030302365197810e-01,1.053614541957740292e+00,1.000000000000000000e+00
-8.218989507359102387e-01,1.403769173240357659e+00,1.117107398320872580e+00,1.000000000000000000e+00
3.741486401418623875e-01,1.618703715546342403e+00,1.563030300010642248e+00,1.000000000000000000e+00
-1.286146254279655343e-01,8.057248105353750356e-01,1.012838527604421390e+00,1.000000000000000000e+00
-3.121862401677411580e-01,-8.262793714858565064e-01,1.136994123698503500e+00,1.000000000000000000e+00
-7.767152047307761542e-01,1.396213188220940760e+00,1.622927183540284979e+00,1.000000000000000000e+00
3.089835377839161290e-01,5.578489199939471455e-01,1.540604003662919608e+00,1.000000000000000000e+00
-6.982879247981200743e-01,-1.796151377350347911e+00,1.588882466167272911e+00,1.000000000000000000e+00
4.630786851086580724e-01,-1.201336844118872760e+00,1.330481943681174117e+00,1.000000000000000000e+00
-7.076559233919120784e-01,-1.628942874406855923e+00,1.667715431838817652e+00,1.000000000000000000e+00
1.399499786119410949e+00,9.663547732256699829e-01,1.172466009330629388e+00,1.000000000000000000e+00
-1.626830207685616703e+00,-9.114980634709499152e-02,1.735824864988225524e+00,1.000000000000000000e+00
1.533504409902831433e+00,1.049295592239653407e+00,1.565169915033449932e+00,1.000000000000000000e+00
-5.725604879031939154e-01,-6.900655038115935391e-02,1.182333225664155441e+00,1.000000000000000000e+00
-1.379498645822303082e+00,7.387975034673851527e-01,1.166923197063886253e+00,1.000000000000000000e+00
8.059239172738802415e-01,1.432435723916730685e+00,1.425575446252893563e+00,1.000000000000000000e+00
1.238572081723920082e+00,-8.680550878516540836e-01,1.784309832804159779e+00,1.000000000000000000e+00
-2.114349665318197846e-01,-1.924289406147201120e+00,1.142062904559222991e+00,1.000000000000000000e+00
1.417317032195017479e+00,8.036737860844286319e-01,1.274075599900356348e+00,1.000000000000000000e+00
1.405313344897275663e+00,-4.394517197400687469e-01,1.707312753001159589e+00,1.000000000000000000e+00
-1.860552637638143436e-01,6.051502862377891034e-01,1.436285668112444069e+00,1.000000000000000000e+00
-3.768806559263755407e-01,5.668668367171421085e-01,1.308858745537941459e+00,1.000000000000000000e+00
9.770606769193521668e-01,1.255875252341978277e+00,1.521246046236931271e+00,1.000000000000000000e+00
1.056944510457306530e+00,1.481679909869588530e+00,1.436506551870853743e+00,1.000000000000000000e+00
5.251550506912152638e-01,1.594255897862262739e+00,1.716760341347589147e+00,1.000000000000000000e+00
1.728671184929476246e+00,1.842173389164747099e-01,1.308687267709253366e+00,1.000000000000000000e+00
-1.534499115850366024e+00,-4.137452271848666152e-01,1.017872109490680188e+00,1.000000000000000000e+00
-1.046835151080316217e+00,1.051901085464181929e+00,1.236897042635679789e+00,1.000000000000000000e+00
-1.401968772632117055e+00,6.294940421751287207e-01,1.639805154168363144e+00,1.000000000000000000e+00
-6.090911353703597486e-01,1.670604116687285645e-01,1.072757459059564988e+00,1.000000000000000000e+00
5.886685896259290507e-01,-1.168821140017179738e+00,1.653648951235229259e+00,1.000000000000000000e+00
1.034978130084921177e-01,6.692336362980443321e-01,1.300663968623114064e+00,1.000000000000000000e+00
-7.742519590353762471e-01,1.306703728463359360e+00,1.552137046798885311e+00,1.000000000000000000e+00
7.365222068740679973e-01,-1.091271798191280729e+00,1.379992346351301302e+00,1.000000000000000000e+00
-1.505572713866783763e-01,1.524668465827775821e+00,1.407075571062072372e+00,1.000000000000000000e+00
1.465877311097312008e+00,-5.995717717798644264e-01,1.765659744029502098e+00,1.000000000000000000e+00
-4.935396924938164620e-01,-5.028764330312702757e-01,1.725053494451592728e+00,1.000000000000000000e+00
-1.366069241676232782e+00,6.724430367463057889e-01,1.040812669634464838e+00,1.000000000000000000e+00
1.398503630358542527e+00,1.167210520781434058e+00,1.324262938684108493e+00,1.000000000000000000e+00
8.165802655117144759e-01,-9.572486781751170515e-01,1.879040306692753459e+00,1.000000000000000000e+00
-9.052930956506776150e-01,1.262081207107589309e+00,1.896846156332326672e+00,1.000000000000000000e+00
1.872309814175473930e+00,1.155695385707706663e-01,1.363918767876577176e+00,1.000000000000000000e+00
1.758623193962436937e-01,7.604264182983717646e-01,1.355456761131759169e+00,1.000000000000000000e+00
1.394105842248864358e+00,-7.745327960458003869e-01,1.113216040578215660e+00,1.000000000000000000e+00
-1.131302814099793164e+00,9.868929795459733256e-01,1.142510415209548658e+00,1.000000000000000000e+00
5.361316182233658578e-01,-1.167631267593219446e+00,1.071820639616742676e+00,1.000000000000000000e+00
1.300754680643630756e+00,-7.722286367108648353e-01,1.173944102956906210e+00,1.000000000000000000e+00
-5.742638411058094139e-01,2.545597382275062714e-01,1.614296710599866458e+00,1.000000000000000000e+00
-1.553488517782286582e-01,4.795974408838717395e-01,1.589105247507433205e+00,1.000000000000000000e+00
2.375197315029909662e-01,7.796291111630224702e-01,1.691057570048427827e+00,1.000000000000000000e+00
-9.244263203239397875e-01,1.170651918373320832e+00,1.368368686547661417e+00,1.000000000000000000e+00
1.618652394493098612e+00,-3.053675969388125466e-01,1.182159098730734881e+00,1.000000000000000000e+00
-1.304135455114055597e+00,9.173199800076026200e-01,1.086572884796238370e+00,1.000000000000000000e+00
9.007412826148429863e-01,1.363217027440833062e+00,1.561231014849874699e+00,1.000000000000000000e+00
2.618443305680538402e-01,8.015088084462177465e-01,1.411158709037019232e+00,1.000000000000000000e+00
-1.447982117061434426e+00,5.693401093038079619e-01,1.009637508370426762e+00,1.000000000000000000e+00
-1.091723250251357857e+00,-1.375875091894177116e+00,1.319734507574812810e+00,1.000000000000000000e+00
-1.473896401463282713e+00,2.125297033636660837e-01,1.310290630456498517e+00,1.000000000000000000e+00
-3.564886255378744984e-02,-1.936429174040101397e+00,1.451885807014183349e+00,1.000000000000000000e+00
1.441172160231564137e-01,7.310108949335795137e-01,1.178089423379037104e+00,1.000000000000000000e+00
1.511446690159615192e-01,-1.099415718150909882e+00,1.555061340656717750e+00,1.000000000000000000e+00
1.538219733100112174e+00,7.701680257586647205e-01,1.061365920558073217e+00,1.000000000000000000e+00
1.012582104236574021e-01,7.090500460239580471e-01,1.051950488311143461e+00,1.000000000000000000e+00
1.405925080401493776e+00,1.033447459864514695e+00,1.482358562601904906e+00,1.000000000000000000e+00
-9.759533768882446836e-01,-1.385797985980595337e+00,1.135737657558357760e+00,1.000000000000000000e+00
-1.005441009809434627e+00,-1.502582373090671997e+00,1.271638121773112307e+00,1.000000000000000000e+00
-1.504183862129787164e+00,3.899782852012764756e-01,1.301668356963402884e+00,1.000000000000000000e+00
-5.245365203236229679e-01,-6.095353740383314678e-01,1.373644308516138501e+00,1.000000000000000000e+00
-6.230536440942435750e-01,-4.314047627762934711e-02,1.525724381575602751e+00,1.000000000000000000e+00
1.466898397161580991e+00,1.035329912110538153e+00,1.168740505645758709e+00,1.000000000000000000e+00
-1.271362793172041705e+00,-1.081554386468576379e+00,1.248587542348646773e+00,1.000000000000000000e+00
-2.451274494654919756e-01,4.784370663374585275e-01,1.089540810466542053e+00,1.000000000000000000e+00
-7.453587970455247680e-01,-1.229622717699303258e-01,1.467778228602749424e+00,1.000000000000000000e+00
-1.409721742485341989e-01,-1.884244057593603694e+00,1.097469953121354314e+00,1.000000000000000000e+00
1.611010650116226683e+00,-3.076081601535011201e-01,1.418191720519225596e+00,1.000000000000000000e+00
8.697489534749504314e-02,7.346215249557341842e-01,1.233058643853861103e+00,1.000000000000000000e+00
5.160943422202126651e-01,-1.081721321978742267e+00,1.484352898560380218e+00,1.000000000000000000e+00
-4.826265945887313613e-01,2.610395263481044004e-01,1.056859485234611817e+00,1.000000000000000000e+00
-1.074027554100625892e+00,1.031040853214725050e+00,1.069000504208817093e+00,1.000000000000000000e+00
1.659909278233883401e-01,-9.568967289507963603e-01,1.498689033313842289e+00,1.000000000000000000e+00
1.680110053482469779e+00,4.155076475701654504e-01,1.298689775411514091e+00,1.000000000000000000e+00
1.581011539732448012e+00,-3.693445076894251167e-01,1.438587244154311051e+00,1.000000000000000000e+00
1.732973248108218289e+00,2.679434273744805139e-01,1.240792157611204205e+00,1.000000000000000000e+00
-1.461029167963090736e-01,1.578439273934158615e+00,1.615746785216853887e+00,1.000000000000000000e+00
1.408473038800940991e+00,-4.730403667574812343e-01,1.448407998131293839e+00,1.000000000000000000e+00
1.829318185336639591e+00,-1.678897645697017826e-01,1.543854565382787314e+00,1.000000000000000000e+00
-1.447193228372209539e+00,-3.715640962500427746e-01,1.333500945155895900e+00,1.000000000000000000e+00
1.490206902858306703e+00,7.536555166546272666e-01,1.504299993173902950e+00,1.000000000000000000e+00
2.363983179937338974e-01,1.595672155739780607e+00,1.572033665934691626e+00,1.000000000000000000e+00
5.019326638544288066e-01,-1.161511893657626748e+00,1.091074530887784722e+00,1.000000000000000000e+00
-6.384793282705290007e-01,-3.934002678485024607e-01,1.651121836874901216e+00,1.000000000000000000e+00
-1.177480081212330942e+00,1.144493148362727641e+00,1.393668060614387638e+00,1.000000000000000000e+00
-5.950489982784772369e-01,-4.653411314750106054e-01,1.240470748897231301e+00,1.000000000000000000e+00
-4.446535217426559883e-01,4.607101102738183074e-01,1.710741982850102039e+00,1.000000000000000000e+00
-6.448761785102633537e-01,-5.486615344364690339e-01,1.458734839718909271e+00,1.000000000000000000e+00
1.370704129164465490e+00,-6.654394302273777262e-01,1.183188014291365553e+00,1.000000000000000000e+00
-1.078627054741792879e+00,-1.440698091095256483e+00,1.291009803274902668e+00,1.000000000000000000e+00
-5.884493472886759280e-01,4.492565180027270899e-01,1.090027925577775392e+00,1.000000000000000000e+00
-5.065775688821786416e-01,-2.481935217971956709e-01,1.300263656988408734e+00,1.000000000000000000e+00
-1.225697416725614497e+00,9.058886932467005160e-01,1.176268982148276798e+00,1.000000000000000000e+00
1.753156748003650289e+00,3.785350162204403901e-01,1.674770433702047034e+00,1.000000000000000000e+00
-5.083097926214913409e-01,-3.818253824628501381e-01,1.325349024542306076e+00,1.000000000000000000e+00
-4.509239384379731819e-01,-7.673404910265275713e-01,1.281446864564390831e+00,1.000000000000000000e+00
-1.331843266492279687e+00,7.869508601022774386e-01,1.111974526341364733e+00,1.000000000000000000e+00
8.471103422533756908e-03,-2.009055624280528196e+00,1.011302437079880212e+00,1.000000000000000000e+00
-6.267418089510129464e-01,-2.338168279939503991e-01,1.203148439614889931e+00,1.000000000000000000e+00
-1.034125659682017639e+00,1.027643467830089641e+00,1.105766048077734043e+00,1.000000000000000000e+00
-4.302142039211490632e-01,1.413897756125073402e+00,1.101670400499787705e+00,1.000000000000000000e+00
2.946788885174976280e-01,6.711776302624825608e-01,1.597366107186478867e+00,1.000000000000000000e+00
-1.486341378176919470e+00,-3.919932196121169721e-01,1.271019909871005549e+00,1.000000000000000000e+00
1.698176021545222403e+00,2.489404952167304230e-01,1.557700049501221873e+00,1.000000000000000000e+00
-4.351847616527194096e-01,1.643280540158206460e+00,1.028868694998726241e+00,1.000000000000000000e+00
-9.514874258398620110e-01,1.153742944403679305e+00,1.785123906475037492e+00,1.000000000000000000e+00
4.141761472345937833e-01,-1.115862217649576493e+00,1.047402907563153240e+00,1.000000000000000000e+00
2.325343307434124540e-01,1.607580053999164926e+00,1.011162750827424350e+00,1.000000000000000000e+00
1.238032606088661502e+00,-7.225431053509383528e-01,1.034576842442123557e+00,1.000000000000000000e+00
1.665362921940191754e+00,1.895445478311384019e-02,1.553634577509091397e+00,1.000000000000000000e+00
-2.075567980559485104e-01,6.942951445712761682e-01,1.590547229738301871e+00,1.000000000000000000e+00
-1.558713037975995030e+00,-1.617556695332714178e-01,1.419320366592628835e+00,1.000000000000000000e+00
1.492111754160436454e-01,-1.850671309762537131e+00,1.250914902717051636e+00,1.000000000000000000e+00
-1.335803514594414154e-01,6.641212224332971870e-01,1.674469093649873619e+00,1.000000000000000000e+00
-4.195090330655112387e-01,-7.306987563346908354e-01,1.622468077406782783e+00,1.000000000000000000e+00
1.403923748792295534e+00,-8.412326893364164837e-01,1.576511144929183983e+00,1.000000000000000000e+00
-6.536626833823239169e-01,2.763626323609490454e-01,1.244762195567840513e+00,1.000000000000000000e+00
1.609167361684764153e+00,1.823070461441579082e-01,1.645203296381118507e+00,1.000000000000000000e+00
-1.011471484628428813e-01,1.467716365314911231e+00,1.418221332911685950e+00,1.000000000000000000e+00
6.157873676371399263e-01,1.645015072331291739e+00,1.198494654773094359e+00,1.000000000000000000e+00
-1.110006090687513519e-01,-1.801060608282464504e+00,1.452883327332406660e+00,1.000000000000000000e+00
-4.848309343730290433e-01,-7.533946146544960865e-01,1.044521502130200563e+00,1.000000000000000000e+00
-9.220256258475727218e-02,1.500743185726600037e+00,1.517724775426641415e+00,1.000000000000000000e+00
-3.768669151993223054e-02,-9.273854950476908554e-01,1.410185666108117797e+00,1.000000000000000000e+00
-1.417601020480250718e+00,-3.716303044654736265e-01,1.140943886146925657e+00,1.000000000000000000e+00
-1.410232857324932754e+00,-8.371570368112201121e-01,1.386923944106027706e+00,1.000000000000000000e+00
-1.254629078338067583e+00,-1.111915607954547802e+00,1.381837628147107422e+00,1.000000000000000000e+00
1.026853747397691530e+00,1.299199407697371633e+00,1.748727723054722683e+00,1.000000000000000000e+00
-5.640737504774638866e-01,-5.173764717533001489e-01,1.454711858044107631e+00,1.000000000000000000e+00
3.703358477806802940e-01,-1.081187101135263617e+00,1.539559091099397703e+00,1.000000000000000000e+00
4.505313725779049872e-01,-1.035890321052820084e+00,1.155453986249031617e+00,1.000000000000000000e+00
-3.517337004871634032e-01,1.428836252889175151e+00,1.126201639204187144e+00,1.000000000000000000e+00
-1.116671267256136996e-01,1.458586485183984482e+00,1.075326485925287789e+00,1.000000000000000000e+00
1.167414775705845953e+00,-8.041156480297807496e-01,1.634741825633604373e+00,1.000000000000000000e+00
7.846425321894091587e-01,1.421972809936125959e+00,1.399159532917152449e+00,1.000000000000000000e+00
-2.896937576084223087e-01,1.532419708787707835e+00,1.064653672554117581e+00,1.000000000000000000e+00
-6.242059477358384845e-01,2.874454594375575045e-01,1.126098095479288297e+00,1.000000000000000000e+00
1.729132218494405571e+00,2.326738535240759076e-01,1.102460494321854556e+00,1.000000000000000000e+00
1.653058010159950575e+00,-2.620607110090547934e-02,1.262592240410702837e+00,1.000000000000000000e+00
1.129303948366418675e+00,1.317723866944468636e+00,1.563388622621455948e+00,1.000000000000000000e+00
1.778391343959533799e+00,1.399068324969804655e-01,1.616309872502398548e+00,1.000000000000000000e+00
-5.388499790713764392e-01,2.869160124132759115e-01,1.381391917371918021e+00,1.000000000000000000e+00
3.597882911966740482e-02,-1.859507571819595695e+00,1.566296830780659066e+00,1.000000000000000000e+00
5.864276520564872808e-01,1.538529536506263451e+00,1.167534616638969291e+00,1.000000000000000000e+00
-1.137038292274988871e-01,7.951773255106741045e-01,1.637028688145150124e+00,1.000000000000000000e+00
-1.450889285729599631e-01,-9.568660928509442609e-01,1.212786842023672262e+00,1.000000000000000000e+00
4.600307356226103206e-01,-1.197464445225911334e+00,1.338627893193719220e+00,1.000000000000000000e+00
7.428953870116938862e-01,-9.800804350500483819e-01,1.620649116251803301e+00,1.000000000000000000e+00
5.014639086300353155e-01,-1.171750729511487954e+00,1.579335695546944862e+00,1.000000000000000000e+00
5.509029711243308702e-02,7.057339432095002252e-01,1.465676554229121242e+00,1.000000000000000000e+00
-4.984306753997734263e-01,-1.737517393406416311e+00,1.361318276254907644e+00,1.000000000000000000e+00
1.709609523975659906e+00,2.031167165709125699e-01,1.661508302075752841e+00,1.000000000000000000e+00
-6.329697006985146590e-01,-1.621003711444843343e-01,1.569682474049992615e+00,1.000000000000000000e+00
-1.420468151261307321e+00,-7.459225581725843490e-01,1.038783256288910106e+00,1.000000000000000000e+00
1.216616290598619310e+00,-9.062878770054706434e-01,1.618585803404256618e+00,1.000000000000000000e+00
-2.074607848210886785e-02,-9.068904867650874335e-01,1.316213348468709965e+00,1.000000000000000000e+00
1.750550218258911217e+00,4.750768161555192493e-02,1.422166019981200069e+00,1.000000000000000000e+00
-1.265464357342344914e-01,4.614429015755193708e-01,1.437633943913381174e+00,1.000000000000000000e+00
-5.731782582876688847e-01,-2.016708021447454202e-01,1.770107377617029520e+00,1.000000000000000000e+00
-2.844217730677657818e-01,5.577814497242009617e-01,1.335472505184795766e+00,1.000000000000000000e+00
-5.626892697833341117e-01,2.594390320619220369e-01,1.604672793488696625e+00,1.000000000000000000e+00
1.132993415593990916e+00,-9.648769083455478457e-01,1.054894136702091201e+00,1.000000000000000000e+00
2.469297914869281185e-01,-1.075222351234559115e+00,1.455119608169578305e+00,1.000000000000000000e+00
-1.580618195191187403e-01,-7.761525155621924466e-01,1.190057300810970276e+00,1.000000000000000000e+00
-4.157914820254867139e-01,-4.920321306169364584e-01,1.424595097538562394e+00,1.000000000000000000e+00
1.776560279475899451e-01,-9.997376983801558037e-01,1.121718704955985357e+00,1.000000000000000000e+00
-1.371777921572044034e+00,-9.447042017183571172e-01,1.456669301661929650e+00,1.000000000000000000e+00
1.431199743494847132e+00,-7.147804734673132154e-01,1.757649483048456140e+00,1.000000000000000000e+00
-7.110094821843050417e-01,-1.795344811253784256e-01,1.161116250141240869e+00,1.000000000000000000e+00
-1.165093071925486501e-01,5.633470882546989245e-01,1.421723731044497452e+00,1.000000000000000000e+00
1.834216923440375568e+00,2.692487262867623854e-01,1.579095184831033505e+00,1.000000000000000000e+00
-1.541153535348846804e+00,-2.400583015168396284e-01,1.162930813140548247e+00,1.000000000000000000e+00
5.012084179217710656e-01,1.409483064413731279e+00,1.220227792212482010e+00,1.000000000000000000e+00
-4.462675893296402241e-01,-5.110792983838442494e-01,1.312074516406404490e+00,1.000000000000000000e+00
-2.470576496992331894e-01,-1.838011089916995466e+00,1.695457982730955049e+00,1.000000000000000000e+00
1.424923915791519002e+00,-6.691408025971870011e-01,1.573056430681697648e+00,1.000000000000000000e+00
-5.111304512930187061e-01,-6.767150991295728391e-01,1.392544073603667387e+00,1.000000000000000000e+00
-3.096914103383563988e-01,5.387497158129220809e-01,1.649492675308321887e+00,1.000000000000000000e+00
-1.261540020735548939e+00,-9.789675954159914317e-01,1.184096475066195975e+00,1.000000000000000000e+00
-1.622088259236609264e+00,-7.830369040923451651e-01,1.042479690617479360e+00,1.000000000000000000e+00
1.557779744440972003e+00,9.030133614716314705e-01,1.231860290218753651e+00,1.000000000000000000e+00
-5.351233038949833043e-01,6.070613524151361601e-02,1.140643776108287932e+00,1.000000000000000000e+00
-4.015373245024994042e-01,-1.780108868592644722e+00,1.591748689110498605e+00,1.000000000000000000e+00
-8.868516194131957908e-01,1.313486153049539418e+00,1.022168238763830450e+00,1.000000000000000000e+00
-1.155666324599863959e+00,-1.243821527427288132e+00,1.417986508247307098e+00,1.000000000000000000e+00
1.296687812916060611e+00,1.089570777251098077e+00,1.029876937326220876e+00,1.000000000000000000e+00
-3.737329001101876713e-01,1.470960765453528829e+00,1.323970319445167076e+00,1.000000000000000000e+00
-6.272776586835006052e-01,-3.175346585904911256e-01,1.126584539485625314e+00,1.000000000000000000e+00
-1.705402626845564651e-02,-1.030878748155853453e+00,1.290069012969039086e+00,1.000000000000000000e+00
-7.972662219429148545e-01,-1.462939338808978640e+00,1.578372388554987404e+00,1.000000000000000000e+00
1.304958430062540309e+00,1.171235964956864439e+00,1.723267579725773491e+00,1.000000000000000000e+00
-5.213354046062474989e-01,-6.605563242118025480e-01,1.607714250911010279e+00,1.000000000000000000e+00
1.391667854855830333e+00,1.092253430638663536e+00,1.516764007508676793e+00,1.000000000000000000e+00
1.400875850297303771e+00,-6.137012731932682819e-01,1.185689176265190437e+00,1.000000000000000000e+00
-1.079906556184614175e+00,1.142616312920598398e+00,1.268904625894441640e+00,1.000000000000000000e+00
9.705585512511634150e-01,-1.035512409444648618e+00,1.493630981921014067e+00,1.000000000000000000e+00
-1.106183389210984025e+00,1.048789816263737018e+00,1.521198997614408466e+00,1.000000000000000000e+00
-1.603846843670192035e+00,1.934187792065920619e-01,1.641152291711873268e+00,1.000000000000000000e+00
-4.810270174625205786e-01,1.408425372843677525e+00,1.064288474559640374e+00,1.000000000000000000e+00
3.072006063168969403e-01,-1.043774197933376779e+00,1.509759120872678828e+00,1.000000000000000000e+00
-1.557385267554738384e+00,-5.764847578909269021e-01,1.416173142936635099e+00,1.000000000000000000e+00
1.334461675678741299e+00,1.020217452293440852e+00,1.516888087016604603e+00,1.000000000000000000e+00
1.686447802044598043e-01,1.610812819031034016e+00,1.425769984809107216e+00,1.000000000000000000e+00
-2.441224933813654907e-01,6.266497977830993715e-01,1.456978774273430144e+00,1.000000000000000000e+00
-1.635745166281673324e+00,-2.563063128664285206e-01,1.363517848318236414e+00,1.000000000000000000e+00
1.298807407488809407e+00,1.116108156826069786e+00,1.421180647397001229e+00,1.000000000000000000e+00
-1.866984670339299768e-01,7.221431586337001551e-01,1.028472375176310294e+00,1.000000000000000000e+00
7.100823813651292449e-01,-1.038064491670867895e+00,1.044327928108677916e+00,1.000000000000000000e+00
1.229058267468026294e-01,-1.918672109605572551e+00,1.357803942843880840e+00,1.000000000000000000e+00
-8.565965987621703137e-01,-1.527053410530957445e+00,1.188866708270371664e+00,1.000000000000000000e+00
-5.899871985912750194e-01,1.144266551342067451e-01,1.432284781334830281e+00,1.000000000000000000e+00
1.594931110541589980e+00,-5.073081978695522798e-01,1.359285511241909328e+00,1.000000000000000000e+00
-1.404770000773395422e+00,7.053464927574529808e-01,1.216688854025918198e+00,1.000000000000000000e+00
-1.470646549346139809e+00,1.846768368161777196e-01,1.636584272571242060e+00,1.000000000000000000e+00
4.094193032330901288e-02,1.568362686810549800e+00,1.576166663637840859e+00,1.000000000000000000e+00
2.637632166123193844e-01,6.607228595435565843e-01,1.054412673876616857e+00,1.000000000000000000e+00
-5.703496534792422690e-01,-6.188017463142870822e-01,1.200499196009821912e+00,1.000000000000000000e+00
8.181151364375637280e-01,-8.529592962439925818e-01,1.030454791852917218e+00,1.000000000000000000e+00
-1.086355236266982383e+00,9.410156904665698541e-01,1.717707817890792521e+00,1.000000000000000000e+00
1.298849384715446753e+00,-7.843608141685504132e-01,1.855115644546629916e+00,1.000000000000000000e+00
-5.082900429605294867e-01,4.265105271991365687e-01,1.164545676115089190e+00,1.000000000000000000e+00
-4.894960698396255694e-01,-7.002617353425103497e-01,1.611161756232622144e+00,1.000000000000000000e+00
-8.476296709716572009e-01,1.239272238287038919e+00,1.474573996165681633e+00,1.000000000000000000e+00
1.140316638668388283e+00,1.328247240347083746e+00,1.404189910250472684e+00,1.000000000000000000e+00
6.642634136151868152e-01,-1.113687360598142773e+00,1.149291929834971526e+00,1.000000000000000000e+00
8.811988915772720476e-01,-1.016133047147600887e+00,1.635720861774291768e+00,1.000000000000000000e+00
-9.389718530184325285e-02,1.627959047566212902e+00,1.641783229055843396e+00,1.000000000000000000e+00
-7.877454262724049860e-02,1.624405958566109032e+00,1.783697450798803263e+00,1.000000000000000000e+00
-1.654614304025131322e+00,-4.790950890630816250e-01,1.301619482141842310e+00,1.000000000000000000e+00
-3.320380648953564218e-01,4.742196121660554042e-01,1.335870520849256282e+00,1.000000000000000000e+00
9.898352613081782270e-01,-9.676183284109208804e-01,1.224183818476280550e+00,1.000000000000000000e+00
7.406727478336355697e-02,1.661469061055753427e+00,1.013595079229985707e+00,1.000000000000000000e+00
1.112516920242666352e+00,1.249931756396861493e+00,1.296056258008328355e+00,1.000000000000000000e+00
-8.069466654281218787e-01,-1.545021953983609420e+00,1.698314769972479210e+00,1.000000000000000000e+00
1.387399647518918089e+00,1.168482452252938897e+00,1.363689956884595045e+00,1.000000000000000000e+00
-1.576763900244423366e+00,-1.195813211635761847e-01,1.521712848573209653e+00,1.000000000000000000e+00
-3.586062156792931832e-01,1.940408642429883590e-01,1.730249525025952861e+00,1.000000000000000000e+00
-2.203445882942413059e-01,5.064836743292450150e-01,1.350874059181938369e+00,1.000000000000000000e+00
-2.514543513205682035e-01,6.869540476773153825e-01,1.303708612342645123e+00,1.000000000000000000e+00
1.922717602255651081e-01,7.674634245366989127e-01,1.293592106031278721e+00,1.000000000000000000e+00
-4.913013289668785033e-01,-7.064615737958102049e-01,1.646701016282883678e+00,1.000000000000000000e+00
-1.151288785386996860e+00,-1.188984631786863311e+00,1.401966360002143253e+00,1.000000000000000000e+00
-1.167363701614260840e+00,1.028600354142731765e+00,1.520265236964155831e+00,1.000000000000000000e+00
2.520897236940710107e-01,-1.089454503243024286e+00,1.458972279595931454e+00,1.000000000000000000e+00
1.718367836364367740e+00,4.246908352212422355e-01,1.279239830894970842e+00,1.000000000000000000e+00
5.777833436895970509e-01,-1.058035762730891616e+00,1.298969720068457123e+00,1.000000000000000000e+00
-4.914404219182661460e-01,-1.716744576344009898e+00,1.070246227302547704e+00,1.000000000000000000e+00
1.955983464106215430e-01,6.199205149094522138e-01,1.281834688838591862e+00,1.000000000000000000e+00
-5.192086154933002184e-01,-1.655313884006418323e+00,1.187417441344185809e+00,1.000000000000000000e+00
-1.586580509107994308e+00,-3.357735567685969369e-01,1.026507316247023738e+00,1.000000000000000000e+00
-9.592227027205547929e-02,-9.125202876341166336e-01,1.250781377622699475e+00,1.000000000000000000e+00
-1.192474937938037494e+00,-1.164158435643944722e+00,1.033756553135442458e+00,1.000000000000000000e+00
-1.193331234930133267e+00,-8.181460705626892871e-01,1.239158612987921737e+00,1.000000000000000000e+00
-6.578380741975908830e-01,1.811007880914412282e-01,1.041215521909083286e+00,1.000000000000000000e+00
1.338362417731175258e+00,-6.680880633091291765e-01,1.254761103496014440e+00,1.000000000000000000e+00
-1.528502034229071382e+00,-6.686232131714913152e-01,1.029915556166642210e+00,1.000000000000000000e+00
-1.577845346687440475e+00,-6.102329656859414309e-01,1.433751591049266416e+00,1.000000000000000000e+00
-1.879168209256252761e-02,-1.952289380670897856e+00,1.177844855254592149e+00,1.000000000000000000e+00
-4.442334135233776404e-01,-4.600889587378655943e-01,1.290788397276079191e+00,1.000000000000000000e+00
1.968371462895768947e-02,5.230226047006586443e-01,1.489901261550550027e+00,1.000000000000000000e+00
7.871679589699472901e-01,1.548175691488809846e+00,1.019713628485198420e+00,1.000000000000000000e+00
-1.685292682210216553e-01,-8.540423016452235450e-01,1.211553752804156892e+00,1.000000000000000000e+00
1.743567666656393289e+00,-9.718265093637340479e-02,1.196848374623979305e+00,1.000000000000000000e+00
1.540988661055909148e+00,-1.231672351013550354e-01,1.376493430483669123e+00,1.000000000000000000e+00
1.337936165379101983e+00,-6.872462440961654151e-01,1.508990385315366778e+00,1.000000000000000000e+00
1.619094072307734278e+00,-3.805231826019562225e-01,1.081093431814373673e+00,1.000000000000000000e+00
-3.322755481910142916e-01,-6.424753078996101596e-01,1.020527166370572836e+00,1.000000000000000000e+00
-1.330557294978939042e-01,1.620053813020126965e+00,1.127317289560650471e+00,1.000000000000000000e+00
-1.530412475651860893e+00,-1.650230318595949375e-01,1.311844944108447208e+00,1.000000000000000000e+00
1.600866000469170158e+00,-4.169402857582697464e-01,1.524726835169153416e+00,1.000000000000000000e+00
-2.961093835174470335e-01,-8.352837342212390270e-01,1.415758901979632389e+00,1.000000000000000000e+00
2.808225032049265768e-01,6.562970325440129482e-01,1.680888308017195687e+00,1.000000000000000000e+00
-7.455991284821252840e-01,-3.564172802106802540e-01,1.031403980063151815e+00,1.000000000000000000e+00
-1.347711895918059399e+00,-6.924251882975488437e-01,1.529640353242481376e+00,1.000000000000000000e+00
-1.321469521381232637e+00,-1.174266052739591171e+00,1.216850558756751077e+00,1.000000000000000000e+00
1.693278795946680237e-01,7.687829172045078652e-01,1.604402706726749228e+00,1.000000000000000000e+00
-1.540897443316427529e+00,5.379269947299536447e-01,1.673314813333256268e+00,1.000000000000000000e+00
1.540985813801706517e+00,-5.089675562441910994e-01,1.326750484907467387e+00,1.000000000000000000e+00
-1.511950341702153588e+00,7.926305793065863137e-02,1.714055104037959243e+00,1.000000000000000000e+00
-8.691801106637402352e-01,1.243296582168535114e+00,1.560341300381770324e+00,1.000000000000000000e+00
1.383098838215150339e+00,1.127484781830085492e+00,1.515970497412785445e+00,1.000000000000000000e+00
-3.044229449949370503e-01,6.345694838521860337e-01,1.658522156352523425e+00,1.000000000000000000e+00
-4.789301497007005248e-01,-5.779995776118106443e-01,1.656012471276577580e+00,1.000000000000000000e+00
1.477514696188707788e+00,8.687054378812435473e-01,1.020084815430898573e+00,1.000000000000000000e+00
-1.911183690905316757e-01,5.092853060164977963e-01,1.094296913548212791e+00,1.000000000000000000e+00
-1.395263122057197158e+00,-9.076155071981268918e-01,1.292889949650530834e+00,1.000000000000000000e+00
7.407955922370090818e-02,-1.150754040892278507e+00,1.446882138416955010e+00,1.000000000000000000e+00
-6.666744424855809426e-01,-1.607174032821099052e+00,1.742099353381736382e+00,1.000000000000000000e+00
2.293830978200528392e-01,5.998529520181482555e-01,1.709673320071787073e+00,1.000000000000000000e+00
6.776816762586693743e-01,-1.030866329434362738e+00,1.138319381772325389e+00,1.000000000000000000e+00
-6.483303890653233648e-01,1.215933290154969787e-01,1.258436143804303464e+00,1.000000000000000000e+00
1.174781620022139261e+00,1.217273576402470470e+00,1.112099975385340445e+00,1.000000000000000000e+00
-1.503004427158516121e+00,-2.643198336804911119e-01,1.084863202682860628e+00,1.000000000000000000e+00
-9.502889573211765750e-01,-1.560840942318774571e+00,1.512363082201238607e+00,1.000000000000000000e+00
-5.995615313928545076e-01,1.455214777152948058e-01,1.309910732357208119e+00,1.000000000000000000e+00
2.007475746279978879e-01,-1.083946978703449249e+00,1.287561055344635941e+00,1.000000000000000000e+00
-5.300519987568528268e-01,-5.725972566591215340e-01,1.399739302855830037e+00,1.000000000000000000e+00
-7.260142863934425650e-01,-1.769253657899687360e+00,1.671111967186630354e+00,1.000000000000000000e+00
3.499440467061781801e-01,-1.032864877698957073e+00,1.718148622197660735e+00,1.000000000000000000e+00
1.015832820147686832e-01,-1.863630156126887760e+00,1.426884090229041169e+00,1.000000000000000000e+00
8.973778397260283590e-01,1.352377469938988330e+00,1.180145818138295111e+00,1.000000000000000000e+00
-1.200152946433286294e+00,-1.264833705888404713e+00,1.519082021918149117e+00,1.000000000000000000e+00
-7.688132669219752691e-01,-1.421880504812684132e+00,1.416385552629110034e+00,1.000000000000000000e+00
-9.864551848168258141e-01,1.226137868728554903e+00,1.533292755560033305e+00,1.000000000000000000e+00
-3.973623303542386243e-01,-3.418685339895957132e-01,1.473896394010691502e+00,1.000000000000000000e+00
-4.761556201547387235e-01,-1.042565330257034205e-02,1.581094126855769000e+00,1.000000000000000000e+00
-1.278928458854889483e+00,1.019855385802737713e+00,1.264069814451330487e+00,1.000000000000000000e+00
-2.061377522018551650e-02,7.251110555695760018e-01,1.278703837185137138e+00,1.000000000000000000e+00
1.045698755284058423e+00,1.253792027571969836e+00,1.119047586343220546e+00,1.000000000000000000e+00
9.093587027460826866e-02,-1.074418814314802351e+00,1.383535238431717662e+00,1.000000000000000000e+00
-1.490162157850177582e+00,4.164654972974418667e-01,1.568569317044031797e+00,1.000000000000000000e+00
-3.675930767691708012e-01,-6.802606680010470086e-01,1.180049547234454099e+00,1.000000000000000000e+00
3.874199128257763136e-02,7.627339795963146152e-01,1.036076292614648953e+00,1.000000000000000000e+00
-7.043833978374769433e-01,1.358291777607433692e+00,1.021171222334654072e+00,1.000000000000000000e+00
-5.115172790681160597e-01,-5.971874403103785145e-01,1.535470346408688957e+00,1.000000000000000000e+00
-1.470463639737459749e+00,6.890132452188357792e-01,1.052978833340118880e+00,1.000000000000000000e+00
-7.777144501959043499e-01,1.315182329700943953e+00,1.790216590833904275e+00,1.000000000000000000e+00
-8.830911824048195413e-01,-1.508476638609103970e+00,1.465066349371365373e+00,1.000000000000000000e+00
-1.251216666328460292e+00,-1.067392033331570733e+00,1.675434348959741193e+00,1.000000000000000000e+00
1.358729129651551570e+00,-6.948190799349556190e-01,1.506343086716396718e+00,1.000000000000000000e+00
-9.912825958977117269e-02,8.378465317624530506e-01,1.137866488093316919e+00,1.000000000000000000e+00
-9.782520252630210189e-01,-1.550148166271966943e+00,1.050153647678902846e+00,1.000000000000000000e+00
1.222631182620997681e+00,1.238240257613081097e+00,1.576684136671043790e+00,1.000000000000000000e+00
-1.879300851091100094e-02,6.737855977794919848e-01,1.540938934694758844e+00,1.000000000000000000e+00
5.646662418495359548e-01,-1.191993708905423999e+00,1.489546844346656851e+00,1.000000000000000000e+00
-6.212242789880142446e-01,1.497067192840291217e+00,1.528002592401171755e+00,1.000000000000000000e+00
-5.119820962997220226e-01,-1.778190998604212369e+00,1.687211073087754531e+00,1.000000000000000000e+00
1.687024807521512626e+00,6.899804538946965327e-01,1.209803707768072556e+00,1.000000000000000000e+00
-1.593191674975239502e+00,-8.939026681176882871e-02,1.264816274887718306e+00,1.000000000000000000e+00
-1.515126157136104657e-01,-1.020958871837056581e+00,1.543195430177574101e+00,1.000000000000000000e+00
-3.297931092195145464e-01,-5.943155939988564729e-01,1.010093053778991168e+00,1.000000000000000000e+00
-5.605726409248154019e-01,-1.939113244424064186e+00,1.389654201953171020e+00,1.000000000000000000e+00
2.213026848347779685e-01,7.695279653353248595e-01,1.331363642048768670e+00,1.000000000000000000e+00
1.320952148497042122e-01,7.478501115233501251e-01,1.071700873218669470e+00,1.000000000000000000e+00
7.305318481658041874e-01,-1.156256123653173429e+00,1.129265852053229269e+00,1.000000000000000000e+00
-6.327924232188717468e-01,-4.774300508583474364e-03,1.354572901858618339e+00,1.000000000000000000e+00
9.946858915581682226e-01,1.433697442885727202e+00,1.478366992471741526e+00,1.000000000000000000e+00
1.713359128494796435e+00,-3.928336299718880875e-01,1.030731582817918213e+00,1.000000000000000000e+00
1.600141778394044367e+00,-3.116005027014753237e-01,1.497810614588284572e+00,1.000000000000000000e+00
-1.288034391196943851e+00,7.362285812809574725e-01,1.886778256748654847e+00,1.000000000000000000e+00
1.517302714466332025e+00,9.630156103416398494e-01,1.124005273382899794e+00,1.000000000000000000e+00
3.871103904718420918e-01,-1.093182855048271396e+00,1.388027160763074974e+00,1.000000000000000000e+00
1.379796515037471138e+00,-6.712065144016515772e-01,1.456444936663403800e+00,1.000000000000000000e+00
-1.500460918982551073e+00,-5.904948681538570998e-01,1.214988914469857795e+00,1.000000000000000000e+00
3.232603146309052933e-02,1.567062395207593273e+00,1.379794436780653610e+00,1.000000000000000000e+00
3.362657729398482176e-01,7.381054591254296859e-01,1.635894311395351464e+00,1.000000000000000000e+00
1.577042116121434301e+00,-5.360947299830718382e-01,1.051872375247313363e+00,1.000000000000000000e+00
-7.278372101365214453e-02,-1.909354710667211741e+00,1.582980963734041957e+00,1.000000000000000000e+00
1.642892703935114884e+00,-3.768574500135345451e-01,1.140142097990527459e+00,1.000000000000000000e+00
3.398455555763543745e-01,-1.114226727701627340e+00,1.588128335574997774e+00,1.000000000000000000e+00
-5.260707326974485287e-01,3.643832676154980521e-01,1.555335039072119230e+00,1.000000000000000000e+00
-1.668647364809119571e+00,1.573751144442338545e-01,1.441434423482132576e+00,1.000000000000000000e+00
-8.183320136809105749e-01,-3.687727432019741736e-01,1.003544187597458004e+00,1.000000000000000000e+00
1.104226894906825684e+00,-8.292827363269694718e-01,1.251248137961554097e+00,1.000000000000000000e+00
1.627804691112025637e+00,5.702869798813736679e-01,1.347181455872893396e+00,1.000000000000000000e+00
-1.584241241372638997e+00,2.497706250303053099e-01,1.674817285364447628e+00,1.000000000000000000e+00
1.427519862600775236e+00,9.057190481487656930e-01,1.635266340412270036e+00,1.000000000000000000e+00
-3.972443848948383760e-01,-1.852348293367767962e+00,1.201175227133899792e+00,1.000000000000000000e+00
1.000226064401022574e+00,1.231540391512235821e+00,1.604954783247873884e+00,1.000000000000000000e+00
4.931795577486577931e-01,1.563604658186044327e+00,1.281437819917580212e+00,1.000000000000000000e+00
-6.110895227603870827e-01,-6.390587047108121921e-02,1.547374676010093486e+00,1.000000000000000000e+00
1.082849052323703321e+00,-1.079659471498619405e+00,1.432450904684235971e+00,1.000000000000000000e+00
-1.587376970784220021e+00,-4.879544002676188819e-01,1.370952645866560404e+00,1.000000000000000000e+00
1.545125867996075320e+00,8.876363828576016024e-01,1.265392627490986133e+00,1.000000000000000000e+00
-1.533835383164362298e+00,9.704523787869073770e-02,1.414043231947107460e+00,1.000000000000000000e+00
