1.886891475925511541e+00,-4.678092211799063094e-01,1.000000000000000000e+00
9.678583070471270533e-01,8.017438817200749079e-02,0.000000000000000000e+00
6.936962914301608718e-02,8.752537081982447731e-02,1.000000000000000000e+00
1.063501875515303174e+00,5.640403691274264997e-02,0.000000000000000000e+00
1.594295529181261717e+00,-4.386437017201511024e-01,1.000000000000000000e+00
1.294509837198992708e-01,7.535889979688852047e-02,1.000000000000000000e+00
2.889503821280245410e-01,-2.165514954276600290e-01,1.000000000000000000e+00
9.207113561419573156e-01,5.117809805381833277e-01,0.000000000000000000e+00
-5.954741575009884214e-01,6.863913418171390113e-01,0.000000000000000000e+00
-1.192898079485226054e-01,1.209678974508225036e+00,0.000000000000000000e+00
1.544510523399724500e+00,-1.821910729969600795e-01,1.000000000000000000e+00
1.049618400970652621e+00,2.208557414063260782e-01,0.000000000000000000e+00
-1.114241311719327721e+00,-1.297845948356703139e-02,0.000000000000000000e+00
-2.142577867596414387e-01,1.057059504339373568e+00,0.000000000000000000e+00
-2.270805857639584535e-01,1.012020575040427417e+00,0.000000000000000000e+00
1.624515740244132811e+00,-9.536808776621841233e-02,1.000000000000000000e+00
1.891120033562850411e+00,8.800915366641827442e-02,1.000000000000000000e+00
1.067442738827466986e+00,-4.938467925901751099e-01,1.000000000000000000e+00
8.798895783625982903e-01,5.185951667613702964e-01,0.000000000000000000e+00
-2.907456683490983185e-02,1.472330874375327725e-01,1.000000000000000000e+00
4.893381469200520084e-01,8.397495109014052606e-01,0.000000000000000000e+00
1.941562064850991476e+00,-1.847882684728781588e-01,1.000000000000000000e+00
-9.203646117891912670e-01,5.771918667044346751e-01,0.000000000000000000e+00
8.553049663059424379e-01,3.655164145101227890e-02,0.000000000000000000e+00
-6.572936324824526499e-01,6.525611951412771949e-01,0.000000000000000000e+00
5.464170681548908837e-01,-4.370577715512181660e-01,1.000000000000000000e+00
4.741210542489888713e-01,-3.533563562753917475e-01,1.000000000000000000e+00
1.920667284575292288e-01,-3.970127206697756650e-01,1.000000000000000000e+00
1.025581511163526471e+00,2.475220289107264438e-01,0.000000000000000000e+00
6.366341307862272147e-01,7.780494635608551368e-01,0.000000000000000000e+00
-8.142184246786923207e-01,6.756480959733376368e-01,0.000000000000000000e+00
-3.064948572495979073e-01,9.898401795984368423e-01,0.000000000000000000e+00
1.017310404465342044e+00,4.565799525660919622e-01,0.000000000000000000e+00
1.852909843837114767e+00,-1.425675877398057401e-01,1.000000000000000000e+00
7.831413206080193312e-01,-4.261983872160272635e-01,1.000000000000000000e+00
1.804567246186385310e+00,-2.231160140955325971e-02,1.000000000000000000e+00
1.142407772365328644e-01,1.302583629908665996e-01,1.000000000000000000e+00
1.078632444039427485e+00,-5.832547459189399430e-02,0.000000000000000000e+00
-1.779547960682190955e-01,7.702794808170738694e-01,0.000000000000000000e+00
3.294416815342169347e-01,-3.698717442679942402e-01,1.000000000000000000e+00
3.928436337366802977e-01,-3.006945749812200974e-01,1.000000000000000000e+00
5.738054143814529384e-01,7.729833541296817767e-01,0.000000000000000000e+00
9.520456835153064956e-01,4.379373820710758536e-01,0.000000000000000000e+00
-6.502517691019794599e-01,9.564922220343671233e-01,0.000000000000000000e+00
-4.926926327601963140e-01,8.078119521120901148e-01,0.000000000000000000e+00
1.733045194319061677e+00,-2.212839733423847544e-01,1.000000000000000000e+00
1.790550166782249430e+00,7.536442778608634652e-02,1.000000000000000000e+00
1.029253229942860282e+00,-5.180738719961656136e-01,1.000000000000000000e+00
2.085592318841079429e+00,3.785521500457436073e-01,1.000000000000000000e+00
1.543363407321013403e-01,9.648833760199556631e-01,0.000000000000000000e+00
3.055412394134733867e-01,-2.337313908282696029e-01,1.000000000000000000e+00
1.711084795827626515e+00,-3.556621994874983317e-01,1.000000000000000000e+00
7.708537336220022684e-01,6.612548089312406674e-01,0.000000000000000000e+00
1.731610562172511081e+00,-3.231291885199161218e-01,1.000000000000000000e+00
-6.543429404661618154e-01,9.785785131928756986e-01,0.000000000000000000e+00
8.415458197110137206e-01,-6.886762386592437668e-01,1.000000000000000000e+00
-1.402893245202039563e-01,2.278566450375535957e-01,1.000000000000000000e+00
-1.000813115339491910e+00,4.663722035088503359e-01,0.000000000000000000e+00
8.520435645679955705e-01,5.012624158050144052e-01,0.000000000000000000e+00
-4.360566283940831012e-02,9.944358529982683104e-01,0.000000000000000000e+00
8.973668072295077902e-01,5.116762184966425764e-01,0.000000000000000000e+00
-8.960820866472920532e-01,1.956654091839082066e-01,0.000000000000000000e+00
-9.487693738594737969e-01,4.414776575830939298e-01,0.000000000000000000e+00
-2.943701131926145242e-01,1.231336316315358115e+00,0.000000000000000000e+00
8.742143555225750928e-01,-5.235389224743168812e-01,1.000000000000000000e+00
8.320973648249909704e-01,-3.403339307609040132e-01,1.000000000000000000e+00
1.177763977632242609e+00,1.042511101407114782e-01,0.000000000000000000e+00
8.730181996279268164e-02,9.675507349495394704e-01,0.000000000000000000e+00
1.428725832090496084e+00,-3.792065782816649300e-01,1.000000000000000000e+00
2.013388198500953852e-01,1.127758954026639726e+00,0.000000000000000000e+00
6.643481160908683014e-01,-3.508248093939846379e-01,1.000000000000000000e+00
-4.198032504135069676e-01,8.133545232051819784e-01,0.000000000000000000e+00
-5.219863264337822883e-01,7.476651172488160135e-01,0.000000000000000000e+00
1.661486746784492263e+00,-2.048877900778590111e-01,1.000000000000000000e+00
-2.203338713719069641e-01,1.161334884173481408e+00,0.000000000000000000e+00
-2.974172726942118927e-02,1.650198035298514609e-01,1.000000000000000000e+00
-4.464069339332971814e-02,4.276877424606611022e-01,1.000000000000000000e+00
2.388269094533501113e-01,9.653167446654071782e-01,0.000000000000000000e+00
-3.979273151792125929e-02,3.963414967651501808e-01,1.000000000000000000e+00
-4.304900015594331775e-01,8.914406410487001331e-01,0.000000000000000000e+00
9.226278864441344041e-01,3.173941367381419298e-01,0.000000000000000000e+00
3.134707044951225985e-01,-3.627117120557938335e-01,1.000000000000000000e+00
6.460047712065495329e-01,6.463382522920220197e-01,0.000000000000000000e+00
-2.493715042880632199e-02,1.057281721926045970e+00,0.000000000000000000e+00
3.087416372984019830e-01,-1.330959569529386044e-01,1.000000000000000000e+00
1.030921518654320107e-01,2.142898338965003313e-01,1.000000000000000000e+00
5.871034345136038057e-01,7.911647830963337569e-01,0.000000000000000000e+00
2.040341233448331959e+00,3.798040452858977845e-01,1.000000000000000000e+00
8.634453884422779169e-01,6.312387584509207561e-02,0.000000000000000000e+00
-5.606069355926344144e-01,7.712673577354388632e-01,0.000000000000000000e+00
2.002097073431574170e+00,2.697004037960546996e-01,1.000000000000000000e+00
6.378402642378969700e-01,-5.674931560119470531e-01,1.000000000000000000e+00
-5.275164666871202668e-01,7.567847424897948816e-01,0.000000000000000000e+00
1.854550522722441253e+00,1.457309653428632071e-02,1.000000000000000000e+00
-9.483174830003434641e-01,3.458805928732242574e-01,0.000000000000000000e+00
3.822688826338457857e-01,9.391501592363362683e-01,0.000000000000000000e+00
1.779907238252758983e+00,1.285616429412660966e-01,1.000000000000000000e+00
-9.083703120459754032e-01,6.051171923786907020e-02,0.000000000000000000e+00
3.188085745389210857e-01,1.068496992800890499e+00,0.000000000000000000e+00
1.765170724371631694e+00,1.953540148445985780e-01,1.000000000000000000e+00
7.656715545282981594e-01,3.255756655187824755e-01,0.000000000000000000e+00
2.012773630751571119e+00,2.507129471554621347e-02,1.000000000000000000e+00
7.818643458341298924e-01,6.645570160110403357e-01,0.000000000000000000e+00
8.102372717832104776e-01,8.455187480698516111e-01,0.000000000000000000e+00
-1.227989072277238525e-01,2.075027874769572178e-01,1.000000000000000000e+00
1.023685063385486871e-01,6.381509126547755262e-01,1.000000000000000000e+00
5.988077155296513965e-01,-4.728553657249074949e-01,1.000000000000000000e+00
1.182111249693013511e+00,-5.366682346531057579e-01,1.000000000000000000e+00
1.421510544972952594e+00,-3.352409893688614861e-01,1.000000000000000000e+00
4.605817197913996131e-01,9.990128380914656825e-01,0.000000000000000000e+00
2.045317874521591917e-01,-1.711899616979602190e-01,1.000000000000000000e+00
1.012280556537736631e+00,3.916430763167796925e-01,0.000000000000000000e+00
1.560723394854637291e+00,-3.329797099871055766e-01,1.000000000000000000e+00
1.426207679262741834e+00,-4.935304488283024371e-01,1.000000000000000000e+00
2.034218109483800774e+00,2.106329627751351852e-01,1.000000000000000000e+00
1.866552469565422978e+00,-2.327857954170254873e-01,1.000000000000000000e+00
3.541691879995665926e-01,8.519444141288051719e-01,0.000000000000000000e+00
2.803981489245304104e-01,1.976469433039795831e-01,1.000000000000000000e+00
-9.399121320306491612e-01,7.914022675852276645e-02,0.000000000000000000e+00
1.647040893010049301e+00,-2.962393484247877740e-01,1.000000000000000000e+00
1.913966220876460067e+00,5.321615173827415335e-02,1.000000000000000000e+00
2.590353020675490447e-01,9.649516703515089722e-01,0.000000000000000000e+00
-8.719121932973223910e-01,3.747018906124890969e-01,0.000000000000000000e+00
-1.040326417418891092e+00,3.811282429285066664e-01,0.000000000000000000e+00
-2.402709931234141283e-02,9.596990102124791644e-01,0.000000000000000000e+00
-8.453215559521798372e-01,6.435593457333881329e-01,0.000000000000000000e+00
8.873670317247426276e-01,6.780894433097337526e-01,0.000000000000000000e+00
-7.352232463783575644e-01,5.749253652867671871e-01,0.000000000000000000e+00
9.928137371948184686e-01,1.413958433772727341e-02,0.000000000000000000e+00
1.556572210699372905e-01,-3.497956766628100289e-01,1.000000000000000000e+00
1.467268898388506271e+00,-1.396474948906104574e-01,1.000000000000000000e+00
-6.903980960729531047e-01,6.063420803042094409e-01,0.000000000000000000e+00
-7.636782335626409735e-01,5.959816010850805812e-01,0.000000000000000000e+00
7.456733885940879381e-01,-2.950149454061865573e-01,1.000000000000000000e+00
9.981732321586863632e-01,6.500358630158417639e-02,0.000000000000000000e+00
1.308187286173297936e+00,-2.315617700323885919e-01,1.000000000000000000e+00
-3.030267135480003704e-01,9.953859138927971806e-01,0.000000000000000000e+00
-1.003785830593480588e+00,3.550653696237601187e-01,0.000000000000000000e+00
8.033431926685660196e-01,5.752274642527243076e-01,0.000000000000000000e+00
1.664858112745065011e+00,-1.463039351052929371e-01,1.000000000000000000e+00
3.181377902747162170e-03,4.132830724368875552e-01,1.000000000000000000e+00
-1.309934079872732415e-01,9.579782754166974446e-01,0.000000000000000000e+00
2.182348864660810239e-01,1.863027140129266679e-01,1.000000000000000000e+00
8.191026328658794764e-01,3.682909455426920942e-01,0.000000000000000000e+00
1.419200285642484349e+00,-3.628131281050520074e-01,1.000000000000000000e+00
-6.026588264076517820e-01,8.029755743817108549e-01,0.000000000000000000e+00
1.180712229037896854e+00,1.725748475404741689e-01,0.000000000000000000e+00
-3.092595502692627174e-02,1.601600732547991957e-01,1.000000000000000000e+00
3.269144727638310099e-01,9.243449770814456956e-01,0.000000000000000000e+00
-5.763824588440636942e-01,7.702041524977411013e-01,0.000000000000000000e+00
1.779470064568485776e+00,1.131286043203698632e-01,1.000000000000000000e+00
-1.039229516588373592e+00,4.005815101620711083e-01,0.000000000000000000e+00
1.727791911038963013e+00,3.681709921317892487e-02,1.000000000000000000e+00
8.765424062720414411e-02,8.380035083414469899e-01,0.000000000000000000e+00
-7.736985904827897720e-01,2.660820784356538460e-01,0.000000000000000000e+00
2.963817836330210898e-01,1.056630879693203573e+00,0.000000000000000000e+00
-8.061390530306136171e-01,4.739137194198206338e-01,0.000000000000000000e+00
-5.020706365837495078e-01,1.002821930154512042e+00,0.000000000000000000e+00
6.588176689868906477e-01,6.223687401782936890e-01,0.000000000000000000e+00
-9.514912783849414080e-01,4.596926488783682485e-01,0.000000000000000000e+00
1.162514615735097179e+00,2.229750336311543679e-02,0.000000000000000000e+00
-6.853133034020872927e-01,4.200377190087861701e-01,0.000000000000000000e+00
3.501847678997767055e-01,3.332485447421568159e-02,1.000000000000000000e+00
3.018076021889523064e-01,8.249038909474843972e-01,0.000000000000000000e+00
6.110779464260737148e-01,-6.454282837915549242e-01,1.000000000000000000e+00
-6.323885506155620950e-01,8.226903779509222581e-01,0.000000000000000000e+00
9.904035617692207305e-01,4.057333310100103563e-01,0.000000000000000000e+00
2.074253911081527235e+00,5.897538839848827097e-01,1.000000000000000000e+00
-2.962754841189983446e-01,1.026329556607967319e+00,0.000000000000000000e+00
1.967309040022660271e+00,4.204171763528032346e-01,1.000000000000000000e+00
2.043201072321992662e+00,2.769190726683037340e-01,1.000000000000000000e+00
1.859534322184539956e+00,5.612407293591008262e-02,1.000000000000000000e+00
7.772842542167991697e-02,2.480065202991768580e-01,1.000000000000000000e+00
1.304291350376665104e-01,5.215983019261472009e-02,1.000000000000000000e+00
2.029183173588908318e+00,2.290885394891864490e-01,1.000000000000000000e+00
3.417378203416395754e-01,-4.899602695064571578e-01,1.000000000000000000e+00
1.349176827539449786e+00,-4.997706052704077861e-01,1.000000000000000000e+00
-8.952942755588568780e-01,3.196673012601339847e-01,0.000000000000000000e+00
7.298890486003858924e-02,3.564591800103324992e-01,1.000000000000000000e+00
-1.008409965084886339e+00,-1.381864993690374577e-01,0.000000000000000000e+00
1.843429307207978818e+00,1.173177104903991852e-01,1.000000000000000000e+00
1.526906344898710799e+00,-5.539627616136202914e-02,1.000000000000000000e+00
7.294160223603102233e-01,5.777202980339508631e-01,0.000000000000000000e+00
1.705771813338104570e+00,-2.237898652355196916e-02,1.000000000000000000e+00
-1.500372406473519382e-01,1.060036451356636045e+00,0.000000000000000000e+00
5.702093423984290199e-01,-3.994389354518310120e-01,1.000000000000000000e+00
2.771260868080135387e-01,9.151032230377289522e-01,0.000000000000000000e+00
9.551873933349341872e-01,-3.884118496182475400e-01,1.000000000000000000e+00
1.275320681163146563e+00,-3.411993595259182888e-01,1.000000000000000000e+00
7.085654586692966550e-01,8.431291590989758999e-01,0.000000000000000000e+00
5.041081449258610903e-02,-1.390984381166582295e-01,1.000000000000000000e+00
1.195728518638416560e+00,-4.215601174627778835e-01,1.000000000000000000e+00
-7.085664074679967062e-01,7.703385004804884639e-01,0.000000000000000000e+00
8.913205434798860960e-01,5.084404903294392764e-01,0.000000000000000000e+00
1.436847920003734513e+00,-4.832134031976842437e-01,1.000000000000000000e+00
8.925764140057321772e-01,5.718313081720853841e-01,0.000000000000000000e+00
1.981685291796122073e+00,1.118321353472657848e-01,1.000000000000000000e+00
1.026229908500980947e+00,-3.573583731379598172e-01,1.000000000000000000e+00
-9.397098149262991251e-01,2.975112389979341909e-01,0.000000000000000000e+00
-6.621333688843826781e-01,6.127563553519387307e-01,0.000000000000000000e+00
1.911677735266959166e+00,3.201063568077761046e-01,1.000000000000000000e+00
-6.062387667053971141e-01,5.021614483978582566e-01,0.000000000000000000e+00
-5.283777468652096632e-01,6.839620937792079136e-01,0.000000000000000000e+00
1.085407363520664470e+00,-5.195665629731016644e-01,1.000000000000000000e+00
9.322594470169178749e-01,-4.566674562436941476e-01,1.000000000000000000e+00
2.300230400131142994e-01,3.756034103325763263e-01,1.000000000000000000e+00
1.087075469865239175e+00,-6.901512911593411514e-01,1.000000000000000000e+00
3.801967862916976193e-01,9.666334586566515119e-01,0.000000000000000000e+00
1.998687821061842174e+00,1.608715202585858095e-01,1.000000000000000000e+00
-4.613687757539653989e-01,8.943972310062113795e-01,0.000000000000000000e+00
9.417682233858393204e-01,-4.680080723513004304e-01,1.000000000000000000e+00
3.573071861512464031e-02,8.546040769982438112e-02,1.000000000000000000e+00
6.533637190338533740e-01,7.223257298081561251e-01,0.000000000000000000e+00
1.222573407320850958e+00,-3.904778963748711251e-01,1.000000000000000000e+00
-5.023558784421853218e-01,9.124513726093597121e-01,0.000000000000000000e+00
1.041711987200884398e-01,2.383447951926828956e-01,1.000000000000000000e+00
-1.033200922942507871e+00,1.411815194238940085e-01,0.000000000000000000e+00
-8.685627874355676958e-01,3.825640267121511728e-01,0.000000000000000000e+00
1.270431104767136166e+00,-5.346405173592394533e-01,1.000000000000000000e+00
7.250497412243646356e-02,3.362334204974734009e-01,1.000000000000000000e+00
5.875434320467501914e-01,7.757161331073467725e-01,0.000000000000000000e+00
-1.001953879767595090e+00,2.976427899091516616e-01,0.000000000000000000e+00
8.687001955532527298e-01,1.060594934822116087e-01,0.000000000000000000e+00
6.207030407999025723e-01,-3.811325910682846208e-01,1.000000000000000000e+00
-1.033757809993828825e-01,1.081743959290615731e+00,0.000000000000000000e+00
2.079730336884067832e+00,5.265740408182000287e-01,1.000000000000000000e+00
1.770333439459595759e+00,-3.010223115862319943e-01,1.000000000000000000e+00
6.308311430480555426e-01,-3.898291149399734645e-01,1.000000000000000000e+00
-8.475982272621241931e-01,5.799484918438669867e-01,0.000000000000000000e+00
1.752425581467409010e+00,2.937914981970257688e-02,1.000000000000000000e+00
5.476157147553027960e-01,-4.049264205739778189e-01,1.000000000000000000e+00
1.199843664987112257e+00,-7.596437721927388198e-01,1.000000000000000000e+00
-1.305775705732695191e-01,1.042733056418651882e+00,0.000000000000000000e+00
4.762566238595828949e-01,9.295332183095399436e-01,0.000000000000000000e+00
1.988994813438878184e+00,-4.262983746691761944e-03,1.000000000000000000e+00
1.600705077471809235e+00,6.589990229145610556e-02,1.000000000000000000e+00
1.662531538670015241e+00,-3.871918291493424702e-01,1.000000000000000000e+00
9.609643140168613318e-01,1.720001659442518260e-01,0.000000000000000000e+00
-3.454815275170479705e-01,8.403123628976212345e-01,0.000000000000000000e+00
1.591852942046435793e+00,-4.605408120605660183e-01,1.000000000000000000e+00
5.260559769062918001e-01,-4.089084091876146188e-01,1.000000000000000000e+00
7.166926833373218342e-01,5.672769958472556606e-01,0.000000000000000000e+00
1.755082059446477549e+00,-1.501839365136290461e-01,1.000000000000000000e+00
1.774668373396224297e+00,-3.670570644011617589e-01,1.000000000000000000e+00
1.110699119388561362e+00,3.434679750401011811e-01,0.000000000000000000e+00
3.443559164428325881e-01,7.348286045851323278e-01,0.000000000000000000e+00
5.701602920402515373e-01,8.498107674599018058e-01,0.000000000000000000e+00
9.880276188439850449e-01,-4.549508396030742530e-01,1.000000000000000000e+00
1.895177747294411352e+00,3.055739538377759135e-01,1.000000000000000000e+00
8.437777740534350146e-01,6.901759669639885297e-01,0.000000000000000000e+00
2.006614376388546894e-01,9.651608599070533590e-01,0.000000000000000000e+00
4.805626114739094956e-01,-4.391487790986140505e-01,1.000000000000000000e+00
-1.024819503703357837e+00,4.031100289454023766e-01,0.000000000000000000e+00
1.776466333502139117e-01,1.046921392726889888e+00,0.000000000000000000e+00
9.406814804720671219e-01,-3.458216170093030284e-01,1.000000000000000000e+00
7.367233039504812453e-01,4.687428649782336421e-01,0.000000000000000000e+00
6.698101912645831879e-03,5.063760242783357235e-01,1.000000000000000000e+00
-1.094659828018364367e+00,1.654606148053980319e-01,0.000000000000000000e+00
2.100425251793192949e+00,4.946856207939423489e-01,1.000000000000000000e+00
3.981283780092996494e-02,1.123135094921574595e+00,0.000000000000000000e+00
4.786041474053101541e-01,-2.687712624212297285e-01,1.000000000000000000e+00
8.386066642125643567e-01,6.450174904422500965e-01,0.000000000000000000e+00
1.049001893417544906e+00,-4.483390373108591120e-01,1.000000000000000000e+00
8.859672345871685284e-01,-5.943645572753213369e-01,1.000000000000000000e+00
1.726807720159930781e+00,-2.382835217564032576e-02,1.000000000000000000e+00
1.021535463207762368e-01,-1.238238349907701402e-01,1.000000000000000000e+00
-8.546044552918304893e-01,5.380130375627625305e-01,0.000000000000000000e+00
6.635465632326462693e-01,6.296283804078104396e-01,0.000000000000000000e+00
1.630604595713849303e+00,-9.798728294808621564e-02,1.000000000000000000e+00
8.200376764851672329e-01,-5.101360079349885890e-01,1.000000000000000000e+00
3.274622001944205718e-01,1.053991036178618945e-01,1.000000000000000000e+00
1.112202579948522452e+00,-8.198471933235290665e-02,0.000000000000000000e+00
-1.603966979864738518e-01,3.973192441419247656e-01,1.000000000000000000e+00
3.683733639626161627e-01,-1.987009081660766896e-01,1.000000000000000000e+00
1.938889355268660575e+00,-2.085937611353047560e-01,1.000000000000000000e+00
-5.007596778439285523e-02,5.371409119710096602e-03,1.000000000000000000e+00
7.487293132119111627e-01,-4.562670909482862136e-01,1.000000000000000000e+00
1.872997738136951362e+00,8.935445423557611400e-02,1.000000000000000000e+00
-4.739479929395544744e-01,8.755574192381843091e-01,0.000000000000000000e+00
-6.239023822432483435e-01,7.897430708016809353e-01,0.000000000000000000e+00
1.402677465846903893e+00,-3.971373706989562158e-01,1.000000000000000000e+00
-3.735241447180336904e-01,9.503207706465931492e-01,0.000000000000000000e+00
-1.333152845867395520e-01,2.008800755753096245e-01,1.000000000000000000e+00
-1.758333656527194533e-02,8.578289001247128009e-01,0.000000000000000000e+00
4.361221185053957283e-01,-4.052098276235170937e-01,1.000000000000000000e+00
2.893747826796970180e-01,-3.305197422992107725e-01,1.000000000000000000e+00
2.043497830835019791e+00,1.108419907814468253e-01,1.000000000000000000e+00
1.023938419203036965e+00,2.212456168897354303e-01,0.000000000000000000e+00
1.054602925437064354e+00,1.309026353798108111e-01,0.000000000000000000e+00
-6.195873762133362606e-01,5.921580586465127194e-01,0.000000000000000000e+00
8.423023736697019537e-01,5.345055845305626274e-01,0.000000000000000000e+00
-1.188126990286529017e+00,1.629677117690054300e-01,0.000000000000000000e+00
9.768288366682352786e-01,-4.594436418775827424e-01,1.000000000000000000e+00
-7.839265514217926833e-01,5.233427813779794047e-01,0.000000000000000000e+00
-6.843602350796791356e-01,5.073828395897193033e-01,0.000000000000000000e+00
-9.427184573259682621e-01,4.967192099086972790e-01,0.000000000000000000e+00
4.091840914748127722e-01,9.312679144072519843e-01,0.000000000000000000e+00
2.468057404027618473e-01,-2.116578191600791137e-01,1.000000000000000000e+00
2.264329568767579903e-02,1.010599300516342502e+00,0.000000000000000000e+00
1.944565152499092564e+00,1.926470299309021861e-01,1.000000000000000000e+00
9.155323735311072797e-01,4.624281571069793761e-02,0.000000000000000000e+00
-9.779642501141573296e-01,3.272405547168457662e-01,0.000000000000000000e+00
-1.621508016594576107e-01,5.395450412162533516e-01,1.000000000000000000e+00
9.430022756730852551e-01,-3.760492854706524168e-01,1.000000000000000000e+00
-1.013286958467618293e+00,3.638013508392589079e-01,0.000000000000000000e+00
1.441426490987485209e+00,-5.348396984148817701e-01,1.000000000000000000e+00
5.936744602089073508e-01,9.958773641331591930e-01,0.000000000000000000e+00
6.404400959216716149e-01,5.685550787331310474e-01,0.000000000000000000e+00
-7.707476434749885308e-02,8.552761362139320589e-01,0.000000000000000000e+00
-4.893935774543774209e-02,1.605800607887216125e-01,1.000000000000000000e+00
4.871955082023529116e-01,8.180496073895108244e-01,0.000000000000000000e+00
7.014721317474074957e-02,8.688147001335408959e-01,0.000000000000000000e+00
1.859554113989416058e+00,3.857833295583664723e-01,1.000000000000000000e+00
-4.794806384569608171e-01,6.272431018996537100e-01,0.000000000000000000e+00
1.051379982737595142e+00,-4.824695424026876900e-01,1.000000000000000000e+00
2.022280362603206871e+00,2.948376625165619602e-01,1.000000000000000000e+00
7.918312363999849834e-01,-5.323287207196879534e-01,1.000000000000000000e+00
9.251803696060845184e-01,5.584920601633500681e-01,0.000000000000000000e+00
2.162406203746449318e+00,2.811098628214588890e-01,1.000000000000000000e+00
1.797759435026682118e+00,-1.540495674091541811e-01,1.000000000000000000e+00
1.679475740735321687e-01,1.067400984506227557e+00,0.000000000000000000e+00
-8.784481079942909609e-01,5.887815490803858243e-01,0.000000000000000000e+00
6.411108014119449861e-01,-5.575503709253650797e-01,1.000000000000000000e+00
-5.004118218780282401e-01,1.119686437207277230e+00,0.000000000000000000e+00
4.947980609001514929e-02,4.018849920518233199e-02,1.000000000000000000e+00
1.357630134498511998e-01,-2.723586235526566091e-01,1.000000000000000000e+00
-9.086658248926654524e-03,1.167322243822327410e+00,0.000000000000000000e+00
6.500507515567536254e-01,-4.314522484239718403e-01,1.000000000000000000e+00
6.997153360710312020e-01,8.280404492486248547e-01,0.000000000000000000e+00
-4.299108488277040285e-01,8.806211258262938157e-01,0.000000000000000000e+00
7.108410413326662347e-01,-4.950164462956546663e-01,1.000000000000000000e+00
1.112842872640344760e+00,-4.173239436951099446e-01,1.000000000000000000e+00
-8.545027661876309910e-01,3.933248776918142342e-01,0.000000000000000000e+00
1.962276952453272827e+00,6.193897209907567314e-01,1.000000000000000000e+00
8.877121834437575743e-01,2.673443384197159989e-01,0.000000000000000000e+00
-3.458526981901318686e-01,9.098667540172938883e-01,0.000000000000000000e+00
1.172010448785533621e+00,1.806009421930501457e-01,0.000000000000000000e+00
9.630957418625618605e-01,1.718206537564245795e-01,0.000000000000000000e+00
-8.650193635546511439e-01,4.917557428811971665e-01,0.000000000000000000e+00
7.862509829881674239e-01,3.937710943692218080e-01,0.000000000000000000e+00
2.074237269681588058e-01,9.614138253650540422e-01,0.000000000000000000e+00
5.881999976693348398e-01,7.075427547904868941e-01,0.000000000000000000e+00
-4.583421011442024295e-01,8.901305044534139066e-01,0.000000000000000000e+00
5.781716208908330851e-02,1.783807677928271607e-01,1.000000000000000000e+00
4.358609907972525038e-02,1.928495647077291542e-01,1.000000000000000000e+00
1.587920051583463277e+00,-1.579293001958578524e-01,1.000000000000000000e+00
4.735527459927567628e-01,-4.658223161177580396e-01,1.000000000000000000e+00
5.804124887166841607e-01,8.726728012865911932e-01,0.000000000000000000e+00
-8.516247604345293654e-02,9.246130257287519250e-01,0.000000000000000000e+00
3.925769557480724981e-01,6.818611326713847065e-01,0.000000000000000000e+00
-3.071977691039368130e-03,4.200334425452481035e-01,1.000000000000000000e+00
1.316732787880340094e+00,-3.716669419277321973e-01,1.000000000000000000e+00
-7.081705179287783869e-02,-5.304430481324201585e-02,1.000000000000000000e+00
1.835362353790339907e-01,8.345459541145072713e-01,0.000000000000000000e+00
6.144318698321737937e-02,-3.064631072343695362e-01,1.000000000000000000e+00
2.250272032339322714e-01,9.649602832759791582e-01,0.000000000000000000e+00
1.813298819794237460e+00,7.111398178314719265e-02,1.000000000000000000e+00
-8.553389326907891999e-01,9.941181357878350888e-02,0.000000000000000000e+00
4.265732247302633784e-01,8.858742407989684819e-01,0.000000000000000000e+00
8.089303233725846087e-02,2.592021835911466621e-01,1.000000000000000000e+00
1.841329567197611417e-03,3.996321772597999922e-01,1.000000000000000000e+00
-1.041413224299819085e+00,4.967253138877623930e-02,0.000000000000000000e+00
-1.010707291204992364e+00,9.859996235595350211e-02,0.000000000000000000e+00
4.137868378606460174e-01,-3.060280234209233896e-01,1.000000000000000000e+00
1.052124739206054649e+00,-4.308324016808057766e-01,1.000000000000000000e+00
3.133634364532966177e-01,-3.237865022764513379e-02,1.000000000000000000e+00
1.574396903642154566e+00,-5.152767923859746801e-01,1.000000000000000000e+00
1.512226570949698923e+00,-3.355222924416293440e-01,1.000000000000000000e+00
-6.913148993605109371e-01,9.268293853301374785e-01,0.000000000000000000e+00
6.901926301363072724e-01,-3.585092070048139234e-01,1.000000000000000000e+00
1.690355390139388903e-01,-1.131848173186530554e-01,1.000000000000000000e+00
4.239354401239202319e-02,1.108582307667949962e+00,0.000000000000000000e+00
-2.072392560121898430e-01,1.103551392397316366e+00,0.000000000000000000e+00
8.071404201522934807e-01,-4.564993021482193214e-01,1.000000000000000000e+00
3.231483044174243702e-01,-1.009124576532515055e-01,1.000000000000000000e+00
9.145562116739400782e-01,2.436314098631782998e-01,0.000000000000000000e+00
1.243108712858765758e-01,-5.092602374830562662e-02,1.000000000000000000e+00
-1.034145208852766284e+00,2.061556462929029498e-01,0.000000000000000000e+00
1.163982688748813610e+00,-4.393169722305838576e-01,1.000000000000000000e+00
-7.921628710438408660e-01,5.115689900142669222e-01,0.000000000000000000e+00
-1.191493136009788012e-01,9.629618604019856143e-01,0.000000000000000000e+00
-9.349978209891562919e-02,2.522541177382147670e-01,1.000000000000000000e+00
7.511355262271447453e-01,4.563551905584380952e-01,0.000000000000000000e+00
7.627271922050203878e-01,-6.129536052921583655e-01,1.000000000000000000e+00
1.839751636369232057e-01,-1.197411199282268635e-01,1.000000000000000000e+00
-1.243404503915562648e-01,1.164428200219012277e+00,0.000000000000000000e+00
1.566831197883413296e+00,-1.034420327076229218e-01,1.000000000000000000e+00
5.407138873091852371e-01,8.363539258690720901e-01,0.000000000000000000e+00
1.762156983650589259e+00,-1.924545051487452640e-01,1.000000000000000000e+00
8.182071970932118798e-01,7.955587039930592796e-01,0.000000000000000000e+00
-8.190180224497617401e-02,8.511281331974837050e-01,0.000000000000000000e+00
1.935076153173885261e-01,-2.662519872260021292e-01,1.000000000000000000e+00
3.996116475072956920e-02,3.125525264208253162e-01,1.000000000000000000e+00
3.047944773475760871e-01,-1.799502151708127773e-01,1.000000000000000000e+00
-8.431510826456455332e-01,1.826292343769377324e-01,0.000000000000000000e+00
1.555126197268764887e+00,-2.436032995617256336e-01,1.000000000000000000e+00
1.856109049660253696e+00,4.021926279063423038e-01,1.000000000000000000e+00
8.455183782430046868e-01,4.406226166572225766e-01,0.000000000000000000e+00
5.320987581628330298e-01,6.943265958927112846e-01,0.000000000000000000e+00
9.651912584485104751e-02,5.493257102389999258e-02,1.000000000000000000e+00
1.966838991321096630e+00,-2.142540569081450297e-01,1.000000000000000000e+00
-9.670478959546748854e-01,1.199151959459347355e-01,0.000000000000000000e+00
-1.005273292063076918e+00,1.447075552084057248e-01,0.000000000000000000e+00
6.216279065669046977e-01,-4.429396945693289678e-01,1.000000000000000000e+00
5.393968365530634745e-01,-5.419359962610724724e-01,1.000000000000000000e+00
1.118450129936386483e+00,-3.795326009327128491e-01,1.000000000000000000e+00
-9.955544238652802580e-01,1.314408018570083492e-01,0.000000000000000000e+00
1.733759613956709966e+00,-2.162427034678802151e-01,1.000000000000000000e+00
9.484884767392531835e-01,5.704738078431249582e-01,0.000000000000000000e+00
-5.468748345654259047e-02,5.935866223672487951e-01,1.000000000000000000e+00
8.234150656351262310e-01,-5.737171999349954810e-01,1.000000000000000000e+00
-9.277740821313503750e-01,4.036301560872544436e-01,0.000000000000000000e+00
8.657647694350109058e-01,2.939214379390644449e-01,0.000000000000000000e+00
3.213094091836428134e-01,-2.586226640759846651e-01,1.000000000000000000e+00
5.217445662490429736e-01,8.684176465193701455e-01,0.000000000000000000e+00
6.965535859993911005e-01,5.366457615883807319e-01,0.000000000000000000e+00
-5.563763514709512137e-01,8.216996617528664615e-01,0.000000000000000000e+00
9.534016245839879167e-01,4.058608219839495712e-01,0.000000000000000000e+00
1.385602879494931550e-01,1.130634335850340538e-01,1.000000000000000000e+00
-3.778911298799723095e-01,7.999334837919824803e-01,0.000000000000000000e+00
5.548679690768130168e-01,8.783635816629669080e-01,0.000000000000000000e+00
-9.409326928370335130e-01,6.563882493310582156e-01,0.000000000000000000e+00
4.711350549469720678e-02,8.004062811712576719e-01,0.000000000000000000e+00
1.229022570709517703e+00,-3.972654922688883539e-01,1.000000000000000000e+00
-9.126835485222808408e-01,6.328626796483020067e-01,0.000000000000000000e+00
6.675088978525932637e-01,-2.482508760228717692e-01,1.000000000000000000e+00
1.954064885205625934e+00,-9.017887943919170035e-02,1.000000000000000000e+00
3.671639866165315458e-01,-6.450477837866469555e-02,1.000000000000000000e+00
1.559780680649862417e+00,-4.741213508986836800e-01,1.000000000000000000e+00
1.936854658516161454e+00,1.105880171184073918e-01,1.000000000000000000e+00
7.980045435266649445e-01,1.343724269631674795e-01,0.000000000000000000e+00
5.854112771743003041e-01,6.535765742010016810e-01,0.000000000000000000e+00
1.809031785518842028e+00,7.403879919481157201e-02,1.000000000000000000e+00
-5.393206207999066137e-01,8.492888144878703027e-01,0.000000000000000000e+00
5.995183229610644426e-01,-3.267188645813720593e-01,1.000000000000000000e+00
4.610080534184876622e-01,-2.493951765418365996e-01,1.000000000000000000e+00
1.429069024961149514e+00,-4.395801160858274215e-01,1.000000000000000000e+00
6.981148901037141918e-01,2.176881172739665860e-01,0.000000000000000000e+00
2.221568566762572305e-01,-3.923627846540292397e-01,1.000000000000000000e+00
1.887111091919066563e+00,2.894321781636616242e-01,1.000000000000000000e+00
1.951001427757704576e+00,-5.049320088411822505e-02,1.000000000000000000e+00
6.442460554363063086e-01,7.040309412654163213e-01,0.000000000000000000e+00
6.320308229859521454e-01,-4.768182533205385099e-01,1.000000000000000000e+00
-2.284045103988274761e-01,9.451781307438580360e-01,0.000000000000000000e+00
1.282652308466939006e+00,-6.167425178605492331e-01,1.000000000000000000e+00
-9.503268395611256247e-01,1.639710262212140945e-01,0.000000000000000000e+00
2.009358115488635299e+00,4.571103533861818335e-01,1.000000000000000000e+00
1.467293698509890776e+00,-2.783895729708910638e-01,1.000000000000000000e+00
6.477597563871253517e-01,-4.255905413005719451e-01,1.000000000000000000e+00
2.882279602951060005e-01,9.764334396289274798e-01,0.000000000000000000e+00
-8.676740863422733874e-01,4.817645828246550077e-02,0.000000000000000000e+00
-2.278264414065755694e-01,1.043855074161911034e+00,0.000000000000000000e+00
1.417782588151026424e+00,-4.310758148819812119e-01,1.000000000000000000e+00
-1.091851597678535457e+00,9.157063567286527483e-02,0.000000000000000000e+00
1.153133425247740762e+00,-3.392407478836718115e-01,1.000000000000000000e+00
1.402473402623197973e+00,-3.475465496813473498e-01,1.000000000000000000e+00
1.604488534058242433e+00,-4.401984231208728726e-01,1.000000000000000000e+00
-8.800975614650805579e-01,4.990758494849723004e-01,0.000000000000000000e+00
6.496715962723318416e-01,5.906561623573582942e-01,0.000000000000000000e+00
4.697785680476561365e-02,8.797662724128967326e-01,0.000000000000000000e+00
8.604475992244853266e-01,3.114201375722717713e-01,0.000000000000000000e+00
4.745381756895769021e-01,8.659603517980191123e-01,0.000000000000000000e+00
1.978936222781746634e+00,3.294421342294562294e-01,1.000000000000000000e+00
-3.482285505634611367e-01,7.364050240639743450e-01,0.000000000000000000e+00
-9.412034081978954553e-03,1.040681553430001793e+00,0.000000000000000000e+00
9.596410791409695218e-01,-5.451732379708651433e-01,1.000000000000000000e+00
6.618987301352673436e-01,-3.307710097974222441e-01,1.000000000000000000e+00
-8.400822978402686658e-01,4.481848554226320891e-01,0.000000000000000000e+00
9.504469106816407220e-02,1.033237355086138454e+00,0.000000000000000000e+00
8.847333561151393688e-01,3.754836321896777296e-01,0.000000000000000000e+00
-8.261830954756170797e-01,4.259098284630535858e-01,0.000000000000000000e+00
2.712240219778792594e-01,-2.185928464421344752e-01,1.000000000000000000e+00
1.972141148711986869e+00,1.377580273537815370e-01,1.000000000000000000e+00
-9.605501529845204001e-01,4.119730595585679445e-01,0.000000000000000000e+00
1.943717239054869150e+00,2.297314917299385639e-01,1.000000000000000000e+00
-1.056978935437476869e-02,4.965611360916291628e-01,1.000000000000000000e+00
7.706673753808302996e-01,5.086161069763632803e-01,0.000000000000000000e+00
7.249269004658958071e-01,-3.528085575335719315e-01,1.000000000000000000e+00
1.869761902511441809e+00,2.161967980797893651e-01,1.000000000000000000e+00
4.866777383345735064e-01,6.477160269382035152e-01,0.000000000000000000e+00
1.313498622438962447e-02,2.848812235234834955e-01,1.000000000000000000e+00
-1.394881006732933970e-01,8.560853318479140217e-01,0.000000000000000000e+00
2.055369464321178619e+00,2.283537433401012229e-01,1.000000000000000000e+00
-7.571869843991256843e-01,6.364240382924437611e-01,0.000000000000000000e+00
7.448550910154728699e-01,-6.552990201147899096e-01,1.000000000000000000e+00
1.710319203702981072e+00,-2.281982462053358529e-02,1.000000000000000000e+00
1.508891576920214084e-01,1.351116206006204856e-01,1.000000000000000000e+00
-7.631664335010855948e-01,4.698203627263282667e-01,0.000000000000000000e+00
2.015198638176894375e-01,9.065101634851109313e-01,0.000000000000000000e+00
1.057027487513655828e+00,-5.158622959471109715e-01,1.000000000000000000e+00
5.032421460141711655e-03,-1.712457874984293638e-01,1.000000000000000000e+00
-3.619508720300123050e-01,6.971460675629214121e-01,0.000000000000000000e+00
2.024077433010006144e-02,9.395809449481249409e-01,0.000000000000000000e+00
1.173488195289193792e+00,-7.485771736095162554e-01,1.000000000000000000e+00
-3.608100708141035451e-01,9.503083895757138411e-01,0.000000000000000000e+00
7.648866086265529440e-02,1.214700790655562246e+00,0.000000000000000000e+00
4.398047146960414322e-01,-5.292459892025587198e-01,1.000000000000000000e+00
8.453407377628325836e-01,-4.125009488520757772e-01,1.000000000000000000e+00
1.406508842611556620e+00,-4.390304079902363488e-01,1.000000000000000000e+00
1.128902573786993324e+00,-4.114303128761847006e-01,1.000000000000000000e+00
